Heading,NewsType
sindh govt decides to cut public transport fares by 7pc kti rej,business
asia stocks up in new year trad,business
hong kong stocks open 0.66 percent lower,business
asian stocks sink euro near nine year ,business
us oil prices slip below 50 a barr,business
oil hits new 5.5 year lows as saudis defend ,business
bullish kse jumps over 33000 psychological barrier,business
oil falls further in asian trad,business
sugar prices drop to rs 49.80 in sind,business
oil extends losses as world bank cuts growth for,business
tokyo stocks open 0.74 percent lower,business
hong kong stocks open 0.24 percent higher,business
oil market rebounds on iea repor,business
govt may take up to ten days to overcome petrol shortag,business
brent crude steady around 50,business
report presented to pm holds ogra responsible for fuel crisi,business
notification issued for reduction in electricity charges for karachi nepr,business
asia stocks mostly higher ahead of ecb meeting,business
ecc approves export of 1.2 million tons of ,business
new saudi king seen holding line on opec policy to keep oil output hig,business
nepra prevents k electric from collecting meter r,business
finance minister apprised on pak brunei investment ,business
pakistan fuel crisis weighing on credit worthiness moody,business
petrol price expected to be slashed by rs 10 per litr,business
euro maintains gains asia stocks adv,business
oil rebounds sharply from six year lows as dollar ,business
sbp warns islamic banks to be more equitab,business
oil slumps as us crude reserves surge to record hig,business
finance minister announces five percent increase in gst on pol produ,business
us probes moodys rating agency,business
oil prices slide after rally,business
no unannounced load shedding anywhere in the country abid sher ali,business
oil prices extend ,business
pak imf talks conclude agreement for release of 518 milli,business
final shipment of 15 chinese engines arrives at karachi por,business
oil extends gains before us jobs d,business
contract for 650mw supply to k electric cannot be renewed ministry,business
tokyo stocks open up 1.09 per,business
january 2015 saw record sale of petrol in paki,business
oil prices extend gai,business
hsbc admits swiss bank failings over client tax,business
oil prices fall as iea predicts weak rebound,business
intra kashmir trade resumes after six day,business
pakistan wants early implementation of tapi project ,business
hotel prices skyrocket in australia ahead of world cu,business
nokia 215 dual sim launched in paki,business
cnic number now tax number only companies allowed ntn dar,business
govt imposes new taxes of rs4 billi,business
oil prices rise in asian trad,business
oil prices extend gai,business
furnace oil price rises by about rs 2000 per ,business
nepra notifies relief of rs 3.24 per unit for consumer,business
qatargas pakistan close to 15 year lng supply d,business
asia stocks boosted by greek debt deal ,business
operation zarb e azb may cost over 1.3 billion dar,business
oil prices fall on eve of us inventory d,business
apple to begin manufacturing electric vehicles as early as 2020,business
oil prices fall in new yor,business
lng import to begin from march 31 abbasi,business
oil prices extend slid,business
price of sugar decreases in karachi,business
oil prices rebound slightly,business
tokyo stocks open f,business
pol prices likely to go up from march 1,business
oil rebounds after volatile ,business
tajikistan to help pakistan overcome energy crisis through kasa 1000 proj,business
oil market recoils on oversupply,business
hong kong stocks open 0.70 percent higher,business
bill gates still the richest man in the world,business
pact with k electric expired govt not bound to provide power asif,business
oil prices rise before us jobs d,business
bahria town kelectric ink agreement on power plants for karachi,business
security situation integral in economic survey of pakistan imf,business
fbr moves to widen tax net but big fish yet to be caug,business
dollar at 12 year peak vs euro emerging markets spooked,business
cng stations in sindh to remain shut on thursday,business
oil market adv,business
pakistans economy improving imf,business
oil market drops on iea price warning,business
ecc approves allocation of 75pc gas from tapi to sng,business
us oil price hits six year ,business
further cut in sbp policy rate expected,business
us oil price nears six year ,business
pay raise for railways employees on card,business
stocks tumble as kse 100 share index drops 817 poi,business
oil prices extend losses in asi,business
dollar pressured after fed tempers interest rate ,business
sbp announces monetary policy 13 year low interest r,business
oil drops as saudi output nears record china demand worries drag,business
moodys upgrades pakistan bond rating,business
oil prices mixed in asia before us stockpiles d,business
first qatar lng shipment reaches karachi por,business
asian markets follow wall st lower after us d,business
oil drops after yemen inspired gai,business
free fall continues as kse 100 plummets 1000 poi,business
oil prices drop on weak demand potential iran d,business
petrol price goes up by rs 4 for apri,business
stock market regains 1100 points to recover from previous days plung,business
petrol price increased by rs 4 for the month of apri,business
china to invest in pakistans oil and gas sector,business
imf disburses 500mn loan tranche to paki,business
oil prices down in thin asian trad,business
haier mobile phones to launch in pakistan on april 9,business
global oil prices fall as iran nuclear framework reached,business
oil up more than 1 after saudis asia price hi,business
oil prices slip after iran fuelled rally,business
asian shares rise hong kong at seven year hig,business
nepra approves rs4.42 per unit decr,business
oil prices edge higher,business
govt gets 1.6 bn offer for its equity holding in hb,business
dar reviews supply of lng to three power plants in punjab,business
pakistan remittances initiative scheme receives overwhelming response dar,business
asia shares mostly up china data disappoi,business
lending to private sector falls 36pc in july apri,business
oil climbs for 5th day as us output edges lower,business
china offering pakistan huge financing chinese assistant foreign minister,business
asian stocks follow wall street higher,business
oil prices mixed after china stimulus mov,business
37 bn is pure chinese investment while remaining are soft loans ahsan iqb,business
most asian markets up tokyo at 15 year hig,business
oil falls as saudi led military strikes end in y,business
cm shahbaz hold talks with china machinery engineering corporation on energy mining sector,business
power generation up by 1500 mw minister for water and power,business
asian stocks mostly up after record on wall ,business
goods transport by cargo trains goes up 10 ti,business
petrol diesel prices expected to decrease from may 1,business
promotion of agriculture govts top priority finance minister,business
tokyo stocks open 0.49 percent higher,business
petrol diesel prices likely to be slashed from may 01,business
asian stocks dollar retreat ahead of fed meeting,business
maxus awarded nestle digital media planning buying accou,business
no change in petroleum prices next month dar,business
hopes and fears as milan expo opens door,business
oil prices firm after strong apri,business
gulf oil exporters should cut spending diversify imf,business
sp raises pakistans outlook forecasts higher gr,business
moratorium on kasb bank lifted amalgamated with bankislami,business
asian shares down as wall st tumbles on poor d,business
tokyo stocks open 0.90 pc lower,business
tokyo stocks open up 0.12 per,business
imf pakistan to hold final round of review on monday,business
pakistan to receive 7th tranche of imf bailout package by ju,business
gwadar port starts operations for commercial expor,business
kse 100 index sees sharp decline of over 1000 poi,business
adb to finance 6 billion in pakistan infrastructure proj,business
global oil prices shoot higher,business
oil prices edge ahead,business
cut in tax rate to bring positive impact on govt revenue zong ,business
us oil production important amid clean energy transition ob,business
budget to be presented on june 5 finance minister,business
china pm on brazil visit promising big inv,business
oil prices drop as saudis keep pumps running,business
senate passes gas infrastructure development cess bill amid pr,business
oil prices rebound from steep div,business
china brazil unveil multibillion trade investment d,business
pol prices expected to increase in ju,business
nepra approves rs1.75 per unit cut in k electric tariff,business
state bank cuts interest rate by 1 per,business
asia stocks extend gains tokyo lifted by weak y,business
cabinet approves budget strategy paper sour,business
oil market rebounds slightly,business
oil prices up in asian trad,business
petrol expected to increase by rs 6.19,business
despite govt announcement cng stations yet to reopen in punjab,business
nec approves rs 1.514 trillion for dev,business
sindh set to present rs700 bn budget on june 12,business
nepra approves electricity price decr,business
pm reviews power petroleum supply ahead of ramaz,business
pakistan economic survey growth target for 2014 15 missed,business
economic growth was 4.2 percent economic survey 2014 15,business
rs 4.313 trillion federal budget unveiled,business
ishaq dar says budget is poor friendly,business
oil down after opec meeting eyes on iran ,business
gulf expat workers send home 100 billion repor,business
moodys upgrades pakistans credit rating to b3,business
punjab govt presents rs 1.45tr budg,business
tokyo stocks open 0.24 percent higher,business
rs739 billion sindh budget presented,business
tax rate in sindh lowest among all other provinces murad ,business
rs488bn budget presented in kp assembly,business
us firm to set up 6000mw gas based power ,business
broadband penetration jumps to 8.34 per cent in paki,business
nisab i zakat deduction fixed at rs33641,business
rs243bn budget presented in balochistan assembly,business
pia slashes fares for domestic travel during ramaz,business
asia markets mostly lower dollar hit by dovish fed,business
world bank approves 188m for paki,business
cng stations to remain shut on 2nd consecutive day tuesday,business
oil prices rise with focus on greece ir,business
foreign exchange reserves exceed 18.20 b,business
rs 31.921 bn budget presented in gb legislative assembly,business
caa suspends air indus operations from july 1,business
president mamnoon signs finance bill 2015 16,business
asia markets rebound shanghai sees more volatility,business
shc dismisses caa suspension of air indus operati,business
greece defaults on imf deb,business
oil prices drop amid high us outpu,business
pakistan features among worlds top ten stock market performer,business
china stock market freezing up as sell off gathers ,business
imf lowers 2015 global growth forecast to 3.3%,business
govt agrees to bring down bank transaction tax to 0.3,business
fraudulent akd ppl deal caused exchequer rs500 mn loss sbr,business
jubilee general insurance standard chartered bank pakistan limited distribution agr,business
euro lifts as hopes mount for greek crisis resoluti,business
oil prices rise on china gr,business
pr slashes fares by 30pc for all passenger trains on eid,business
electricity prices likely to down by rs3.29 per uni,business
euro climbs on optimism for greek d,business
work to begin soon on iran pakistan pipeline abbasi,business
oil prices drop as dollar firms on greek bailout d,business
oil prices finish higher after iran d,business
inflation falls to decade low according to sbp report of july march fy15,business
fuel adjustment nepra cuts power tariff by rs2.68 per uni,business
google propels nasdaq to another record high ,business
gold prices shed rs800 to fall to new record ,business
asian shares mixed dollar pushes higher,business
oil dips on glut concerns as iran exports ,business
gold slides towards 5 year ,business
dollar takes breather after strong rally,business
oil prices mixed in asia wti stays below 50,business
asia markets mostly down shanghai up a 7th straight day,business
sbp maintains discount r,business
oil prices fall on oversupply worri,business
pakistan gets 336m to support forces in afghani,business
asian markets sink as shanghai falls further,business
microsoft rolls out windows 10 bid to revive gr,business
asian markets mostly recover from hefty sell off,business
govt decides to cut pol pri,business
caa revises airport charg,business
pakistans japanese dominated car market poised for new entr,business
pak iran gas pipeline project will not benefit from nuclear d,business
eu announces free trade deal with vietnam in princi,business
gold struggles near multi year ,business
one million digital paid subscriptions for nyt jump in quarterly profi,business
gas supply to punjab cng stations to be restored,business
fbr targets 1.05 million income tax returns in 2015,business
oil prices fall on oversupply fear,business
fbr announces deadlines for filing tax retur,business
china weakens yuan amid economic and reform b,business
oil prices down in asian trad,business
fbr makes e filing must for salaried per,business
oil prices slide to fresh lows in asian trad,business
asian shares mixed in muted trade after wall st rally,business
cng stations in sindh to remain closed for three days per ,business
oil prices slide further in asi,business
buzzfeed gets 200m expansion cash with nbcuniversal tie u,business
oil prices fall ahead of us stocks d,business
oil approaches key 40 lev,business
fbr initiates drive to ensure tax return filing by vehicle owner,business
rupee hits 104 at open market sbp warns money changer,business
investments heat up online news sector,business
dollar reaches 17 month high against ru,business
shanghai leads rout in asian ,business
kse down 1419 points at closing,business
crude extends losses us oil trades below 40,business
pak rupee to remain stable sb,business
adb announces new 1.2 bn annual package for paki,business
shanghai stocks slump defying bounce in asian shar,business
commodities recover ground after china led rou,business
asian shares wobble after china rate cu,business
agreement signed to form pakistan stock exchang,business
oil prices up in asian trad,business
dr. lodhi highlights pakistans investor friendly policies rings nasdaq opening b,business
ogra recommends petroleum ministry to slash pol pri,business
asian stocks up for second day on us gr,business
hksca hosts luncheon in honor of visiting rcci delegation in hou,business
traders warn of protest movement against withholding tax,business
petrol shortage in several parts of paki,business
cng price slashed by rs4 per kg,business
onion prices shoot up after indiabangladesh place import order,business
strike piles up trade cargoes prolonged stand off feared,business
oil prices swing wildly in china uncertainty,business
sindh traders to observe shutter down strike over withholding tax on sep 9,business
japan iran to start investment talks next ,business
kse 100 plummets over 1000 points in intra day trading,business
oil prices down in asian trad,business
dairy farmers association splits into two factions over milk price hi,business
oil prices mixed after weak chinese trade d,business
cost of quaid e azam solar power project cut by rs2bn shahbaz,business
china pakistan set to sign cpec zone d,business
dubai property developers upbeat despite falling pri,business
withholding tax traders businessmen observing strike today,business
oil prices up in asian trad,business
pm nawaz orders audit of nandipur power proj,business
asian markets retreat as china fed feed cauti,business
pm nawaz underscores need for enhancing expor,business
asia markets calm after tough week but us rates in focu,business
state bank announces monetary policy,business
nab files another rental power reference against raja pervez ashraf,business
shahid khaqan says gas from sindh not being directed anywher,business
oil prices mixed in asian trad,business
pia offers 25pc discount on domestic tickets for eidul az,business
oil prices diverg,business
government stresses coal based power generati,business
oil falls ahead of fed decisi,business
seven power projects to reach financial close by year end minister,business
oil up in asia but oversupply weak demand weig,business
oil price rally reverses as dollar ticks higher,business
lpg price slashed by rs10 per kg irfan khokhar,business
asian stocks currencies sink after china factory d,business
most asia markets bounce from losses tokyo sinks on retur,business
oil prices ease in asi,business
karachiites spent rs30 billion on eid sacrifi,business
ogra recommends reducing pol pri,business
nepra makes consumers pay billions mor,business
finance minister announces pol prices to remain unchanged for ,business
deadline to file income tax extended till october 31,business
asia markets rebound glencore surges after cr,business
pakistans forex reserves highest ever at 20bn ishaq dar,business
fbr runs rs63 bn short of tax collection targ,business
pakistan korea ink 500 million framework agr,business
uae says to invest 35bn in clean energy by 2021,business
air france hr manager almost lynched in job cut pr,business
12 pacific countries seal huge free trade d,business
oil extends gains in asi,business
dar prevents sons undertaking business ventures in paki,business
chinese keen to invest in paki,business
oil prices sustain rally,business
imf apprised of privatisation plan for pia ,business
pakistans forex reserves climb to 20.05402 b,business
water short pakistani farmers test less thirsty way to grow ri,business
nepra announces advance tariff for khushab solar ,business
aptma punjab zone to observe black day tomorr,business
tariq bhatti replaces mohammad mehmood as md nandipur proj,business
oil prices fall before us inventory d,business
pakistan russia ink agreement to build karachi lahore gas pipeli,business
aptma chairman sees flexibility in govt over demand,business
pol prices expected to rise in november,business
oil retreats in asia as china slowdown weig,business
oil prices drop in asia on oversupply fear,business
pakistan to get 178 mn adb assistance on easy i,business
nepra approves rs2.88 per unit cut in power tariff for september,business
oil prices edged up after recent ,business
asian stocks advance on china rate cut us tech earning,business
eu lawmakers end mobile roaming charg,business
oil prices retreat in asi,business
dollar jumps to rs105.70 in open mar,business
pol prices likely to see major hike from nov 1,business
rupee sinks to fresh two year low against dollar,business
oil rally fizzles as fed rate hike comments boost dollar,business
futuretech brings iphone 6s iphone 6s plus to paki,business
lpg price up by rs 8 per kg,business
asian stocks dollar retreat on weak chinese manufacturing d,business
oil prices up in asia ahead of us crude inventories repor,business
oil prices flat in asia on us data and supply concer,business
pakistan to receive 10th imf loan tranche in d,business
dollar steady as fed chief keeps december rate rise in play,business
oil prices adv,business
pakistan finalises 15 year 16bn lng deal with qatar,business
moodys ups pakistan banking system outlook to stab,business
oil prices resume decline in asi,business
us dollar slips as aussie lifted by jobs d,business
oil prices under pressure in asi,business
turkey cancels 3.4 bln missile deal with chi,business
asia markets down after paris attacks japan in recessi,business
federal govt releases rs201 bn for uplift proj,business
oil prices up in asia but gains limited,business
pakistan on its way to become worlds 18th best economy ishaq dar,business
global stock markets falter before weekend,business
sbp keeps policy rate unchanged at 6,business
oil down in asia on oversupply fear,business
power tariff cut likely after fuel adjustment for ,business
new tax amnesty scheme for traders in the offing,business
oil prices down on diplomatic efforts to ease middle east tensi,business
pakistans foreign exchange reserves rise to 19.828 b,business
sponsored volta offers free battery inspection in three citi,business
pakistan to invite paypal alibaba to start e commerce servi,business
duty on 313 imported items to go up in 72 hour,business
oil prices up in asi,business
oil prices gain ahead of opec meeting,business
pakistan aims to raise 379 million in new taxes to meet imf targ,business
oil prices trade below 42 in asi,business
oil prices rise in asia with opec meeting in focu,business
asian shares swing on weak factory d,business
opec decides against cutting oil output nigeri,business
global stocks fall as ecb underwhelms investor,business
home world set to distribute kiwi mobiles in paki,business
presidential ordinance govt ready to set up parliamentary commi,business
Oil stays below 40 after OPEC decides against output cu,business
K Electric slashes tariff by Rs208 per uni,business
Oil price plunge China data hit Asian mar,business
Symmetry Group wins big at Campaign Asia Awards 2015,business
Oil gain fails to halt fresh slide on Asian mar,business
Oil prices up in Asian trad,business
Global stock selloff on seven year oil ,business
PML N put failed state back on its feet again Dar,business
Intl investors showed interest in Pakistans gas sector Par,business
Oil plunge fuels run on energy firms as Asia stocks tumb,business
Oil prices mixed in Asia ahead of Fed mov,business
Dollar steady ahead of Fed rate hike decisi,business
Oil prices extend losses in Asia after inventory repor,business
Oil heads for third weekly loss after new signs of inventory building,business
Global stocks fall as Fed is second guessed,business
Oil extends slide on US production export worri,business
No intention to privatize PIA Ishaq Dar,business
Gold keeps gains from two day rally but oil slump a worry,business
Dollar dips as effect of Fed rise wears off,business
Oil extends rally in Asia after US repor,business
Major challenges of economic revival grasped Dar,business
Income tax collection rose 16 pc in five months Dar,business
Saudi Arabia posts record 98 bn budget deficit for 2015,business
Gold slips with oil softer dollar fails to lift ,business
Oil prices weaken US crude defends premium over Br,business
Half a million tax payers file e Returns this year,business
Banks to remain closed on January 01,business
NEPRA cuts power tariff by Rs 206 per uni,business
Asia stocks subdued as oil resumes f,business
Efforts afoot to pull PIA out of deficit Ishaq Dar,business
Trade Policy Framework 2015 18 to be announced ,business
Global growth will be disappointing in 2016,business
Crude oil prices drop more than 1 per,business
Oil ends 2015 down 35 per,business
Effective anti corruption strategy yielded results NAB Chief,business
Power sector recoveries stand at 93 pcin 2015 Asif,business
FIA nabs three senior officials of AKD over graft charg,business
Oil surges on Saudi Arabia Iran tensi,business
Asia shares try to stabilize China edges higher,business
SBP freezes bank accounts of Rs1 bn over terror funding charg,business
Oil slides to new 11 year low over Saudi Iran r,business
Asia subdued as crude oil flounder,business
Saudi Iran split dashes chance of OPEC deal to curb oil glu,business
World Bank cuts global economic growth ou,business
Brent crude hits new 11 year ,business
Pakistan forex reserves fall to 20810 b,business
Oil moves away from 12 year lows as China shares ri,business
Global stocks crater in worst week in 4 year,business
NA Special Committee on PIA to meet on Monday,business
Workers remittances up 626 to 97 bn in first half of FY16,business
Ishaq Dar formally launches Pakistan Stock Exchang,business
Gold firm on safe haven demand as stocks face headwind,business
K Electric petitions NEPRA for hike in November bi,business
US crude oil prices approach 20 pc fall since beginning of 2016,business
Asia stocks cheered by China trade surpri,business
Brent falls to another 12 year low as Iran supply ,business
Crude oil falls as market braces for more Iranian oi,business
Modi launches 15 bln fund to support start u,business
Chipotle to shut outlets next month for food safety meeting,business
MAP hosts seminar on Island of Ex,business
IMF appreciates Pakistans steps for fiscal manag,business
Pak China Business Conference opens in Islamabad,business
Oil slides to lowest since 2003 as Iran sanctions are lifted,business
Asia stocks up modestly as China GDP figures match expectati,business
Gold edges up as stocks retreat oil strugg,business
Asia stocks get welcome respite as crude prices bou,business
Oil prices stretch gains on cold US European weather,business
Crude extends gains after surge on short covering cold ,business
Asia stocks rise after US snowstorm rescues oil pri,business
Gold hits two week high as equities retreat agai,business
Asia stocks find support oil still unstab,business
Pakistans forex reserves drop by 109 milli,business
PIA suffers Rs500 mn loss due to ongoing strike spokesper,business
PM announces Rs5 per litre cut in POL pri,business
POL prices slashed by Rs5litre from Monday,business
Pakistan Jan inflation rate rises to 332 ,business
Asia stocks edge up after Japan policy boost debt shi,business
Gold hits three month high on shaky global economy,business
IMF approves 497 mln tranche for Paki,business
Crude oil prices steady in thin Asian trading,business
Asia stocks slip in holiday thinned trad,business
WB president for Pakistan to invest in people to boost economy,business
Pakistan begins Kinnow expor,business
WB acknowledges Pakistans growing economy,business
IEA sees global oil glut worsening OPEC deal unlikely,business
Gold on course for longest winning run since 2011,business
Pakistan workers remittances rise 6 in 7 ,business
PIA reduces far,business
Pakistan Qatar ink four agreements MoU,business
Asia stocks drop as banking sector concerns smoulder,business
Five more LNG import pacts to be signed with Qatar Shahid Khaq,business
Oil prices fall on US storage glut ongoing economic ,business
Gold eyes best week in 4 years as market turmoil boosts haven ,business
Annual stipend to BISP beneficiaries raised to Rs18800,business
Steps afoot to raise GDP level to 7 pc Ishaq Dar,business
Brent US crude oil edges d,business
FBR realizes Rs1664 bln revenue till Feb 15,business
LNG import from Qatar to begin from March MD PSO,business
Qatar Saudi Russia and Venezuela agree to freeze oil outpu,business
Asian shares extend gains as investor fears ,business
Iran says will resist curbs on oil output as part of global ,business
Oil rebounds on investor optimism over producers d,business
Oil up 7 percent as Iran welcomes output freez,business
Asian shares slip from three week high as oil rally rever,business
Iran aims to increase oil production by 700000 barrels per day,business
Over 9000MW electricity to be added in national grid by 2017,business
Asia shares edge ahead with oil pound sli,business
Ishaq Dar wants timelines for power projects strictly followed,business
Gold climbs as stock rally fizzles fund inflows suppor,business
Asian shares oil retreat as Saudi plays down output cu,business
Asian stocks slip as crude heads sou,business
Oil prices dip on continued oversupply,business
Pakistans growth rate will be raised to 5 pc this year Iqb,business
FBR decides to extend deadline for VTCS,business
Mobile phone imports reach 433276 mln dollars in Paki,business
India unveils pro poor budget keeps deficit targ,business
Asian shares slip after G20 Fed ang,business
NEPRA cuts power tariff by Rs 411 per uni,business
Saudi Arabia expected to raise April crude prices to Asi,business
Gold extends losses on robust US data higher shar,business
Asia shares scale seven week ,business
Volkswagen says did not breach market disclosure ru,business
Oil prices climb after US oil output f,business
Finance minister chairs meeting to review PIA perfor,business
Iran expects economic growth above 5 pc in 2016,business
China says will keep yuan basically stable against basket of currenci,business
Oil jumps as traders close short positions US producers cut rig cou,business
NEPRA cuts power tariff by Rs 411 per uni,business
Saudi Arabia expected to raise April crude prices to Asi,business
Gold extends losses on robust US data higher shar,business
Asia shares scale seven week ,business
Volkswagen says did not breach market disclosure ru,business
Oil prices climb after US oil output f,business
Finance minister chairs meeting to review PIA perfor,business
Iran expects economic growth above 5 pc in 2016,business
China says will keep yuan basically stable against basket of currenci,business
Oil jumps as traders close short positions US producers cut rig cou,business
Asian shares retreat on profit taking oil eyed,business
Oil prices dip on stronger dollar demand concer,business
Gold hits 13 month top on firm eur,business
Chinese investment in Pakistan to create thousands of job opportuniti,business
Tobacco off Saudi shelves amid price rise speculati,business
Oil prices stable as market seen bottoming but oversupply linger,business
Bangladeshs bank governor resigns after 81 mn stolen in cyber hei,business
Pakistani trade deficit rises to 15102 b,business
Punjab cuts CNG prices by Rs530 per kg,business
Oil prices fall as oversupply concerns mount agai,business
Asia markets slip before BOJ Fed oil sli,business
Oil rises as US producers struggle inventories may weig,business
Asia jumps as cautious Fed lifts risk appeti,business
US oil hits 2016 high on hopes for output freez,business
Asia stocks turn positive for year dollar sags after Fed,business
PM approves Strategic Trade Policy Framework 2015 18,business
Govt announces automotive policy carrying incentives reduced duti,business
Gold eases but underpinned by weaker dollar,business
Asian stocks slip as oil skids China u,business
Stocks fall gold and govt bonds rise after Brussels explosi,business
Asian shares edge lower as Fed rate talk reviv,business
Pakistans forex reserves rise to over 20521 billi,business
US oil falls after big jump in stockpi,business
Oil steadies as US rig count drop offsets stockpile worry,business
Dollar North Asia stocks firm on positive US GDP d,business
Mobile phone import rises by 677 per,business
Oil prices fall as concerns rise over rally petering ou,business
OGRA proposes Rs 309 litre hike in petrol pri,business
ADB cuts Asia growth forecast for 2016 on China global drag,business
Govt hikes prices of petrol di,business
McDonalds to add over 1500 outlets in China Hong Kong Kor,business
Asia stocks edge up to four month high after Wall Street gai,business
Oil posts best quarter since mid 2015 but glut still worri,business
Dar calls for Charter of Economy to develop Paki,business
Indias ITC says to keep cigarette factories shut over health warning ru,business
Australian tax office probes hundreds for possible tax evasion after Panama ,business
Customs to raise import prices of tyr,business
US dealerships owner sues Volkswagen over diesel emissions scand,business
Asia stocks at three week lows as China worries grow oil u,business
Oil prices up on US inventory draw but traders warn on premature rally,business
Asian shares drop as banks come under pressure yen soar,business
SBP keeps policy rate unchanged at 6 ,business
Global stocks gain on oil boost dollar fades vs y,business
Gold climbs to near three week high on safe haven demand,business
US posts 108 billion budget deficit in Mar,business
Finance ministers visit to Washington cancelled,business
Gwadar port almost ready,business
Oil prices dip but hold above 40 ahead of producer meeting,business
IMF cuts global growth outlook agai,business
US government worse than all major industries on cyber security repor,business
Global diesel demand crumbling warns IEA,business
China Hong Kong shares firm as export growth raises hopes for GDP,business
Pakistan Customs proposes 5 to 20 percent duties on imported good,business
Pakistan seeking access to Swiss bank accou,business
CPECs first phase to be completed by 2018 Ahsan Iqb,business
Oil prices tumble 5 percent after producers fail to coordinate outpu,business
EU mulls crackdown on banks offshore tax advisers after Panama Paper,business
Asian shares rise on tentative bounce in crude oi,business
Asia shares touch six month top dollar on defensiv,business
VW to pay US customers 5000 each to settle dieselg,business
Oil prices set for one of the biggest weekly rises in 2016,business
Pakistan gems mineral show kicks off,business
Sargodha Cases for electricity defaulters forwarded to NAB,business
Toyota to launch plug in hybrid cars in China in 2018,business
Saudi king replaces minister for water and electricity,business
USA Today Tribune Publishing Medi,business
Oil falls as traders cash in after 3 weeks of gai,business
Automakers fight for slice of Chinese eco car mar,business
Gold extends gains as dollar drops ahead of BOJ Fed meeting,business
Lucky Cement to award power plant contr,business
Twitter stock plunges after revenue misses esti,business
Pakistan shares end higher rupee stab,business
Sunflower ready for harvest in Punjab Paki,business
Petrol price likely to go up by Rs3 per litre from May 01,business
Asian shares dollar rise after Fed focus now on BOJ,business
IMF agrees 15 bn bailout for Sri L,business
Gold poised for best week in eight on dollar slu,business
Professional network operator LinkedIns revenue rises 35 ,business
Facebook hit with lawsuit over plan to issue new ,business
Iran oil exports to South Korea rise after sanctions lifted,business
German minister criticizes Volkswagen management over bonuses paper,business
World Bank approves 1 billion for Paki,business
Oil prices fall on rising OPEC crude producti,business
WB approves 1 billion to support economic reforms in Paki,business
Gold steadies near 15 month peak on softer dollar fund inf,business
Oil prices dip on rising Middle East supply,business
Johnson Johnson ordered to pay 55 mln in talc powder tri,business
Oil stable after two day decline on stall in global gr,business
K Electric wins Safety Award,business
Pakistan comes out of dark period Khurram Dastgir,business
Old design banknotes cease to be legal tender with effect from Dec 1,business
Pakistan succeeds in growing its apparel industry,business
Pakistan woos Renault and Nissan in push for auto inv,business
FBR to introduce modified e filing procedure of Tax retur,business
Gold struggles as dollar firms ahead of US jobs d,business
Fresh milk prices increased by Rs5 per litr,business
Global business growth picked up some speed in Apri,business
Saudi Arabia says to maintain stable petroleum polici,business
Problems of rice exporters to be solved Governor Sind,business
Gold slips as dollar holds firm after US jobs d,business
Pakistan aim at increasing exports to India to 1bn within a year Dastagir,business
India inflation50 percent price hi,business
Pakistan must speed up reform of energy sector World B,business
Oil prices stable as brimming storage counters supply disrupti,business
UK employers favour temporary staff over permanent as EU vote near,business
Dar reaches Dubai for talks with IMF,business
Smuggling taxes Indian gold impor,business
dollar dominance global currency,business
Oil jumps on outag,business
Say goodbye to OPEC powerful Putin pal predi,business
IMF 510 million aid tranche Paki,business
Oil prices fall as Canadian oil sands fields gradually retur,business
India trademark patent policy global pressur,business
China asks for WTO resolution for subsidy dispute with US,business
Italy violin makers struggle profitab,business
Comic books teach fi,business
Gold eyes worst week since Mar,business
Apple invests 1 bln in Chinese ride hailing service Didi Chuxing,business
Panama airport 575 million bond prob,business
US bank defends fund transfer after Bangladesh hei,business
India Iran Halkbank oil pay,business
India wholesale prices ri,business
problems G7 finance ministers world,business
Oil prices rise on Nigeria Venezuela disrupti,business
Norways wealth fund to sue Volkswagen over emissions scand,business
Pakistan keen to expand trade and economic cooperation with Portugal NA Speaker,business
Pakistan shares higher rupee stronger,business
Gold dollar strength stocks recovery,business
Oil futures hold near six month hig,business
Unusual heat bakes Sri Lanka chicken industry,business
Oil prices remain near 2016 hig,business
IMF backs Saudi economic ,business
High food prices challenge India inflation targ,business
Blue diamond soars world record Christi,business
Asian stocks gold fall as US hike back on the cards dollar ju,business
Selfie in the offing Apple boss Modi gold iP,business
Gold set for biggest weekly drop in two ,business
India sign Iran port contract Modis tri,business
Lacking new ideas G7 agree go your own way appr,business
Oil prices rise as turmoil in Nigeria adds to global supply disrupti,business
Apple boss Cook meets Modi plot India strategy,business
Pakistan central bank cuts interest rates growth lag,business
India pays Iran oil dues Modi visi,business
IMF researchers say Japan monetary easing has benefits for Asian economi,business
Abu Dhabi lays off staff Gulf austerity tig,business
UK PM Cameron warns Brexit drive up food pri,business
After long dispute London metro run night weekend,business
Pakistani exhibitors showcase productsBeauty world fair,business
Pakistan Textile exports decline 77,business
Pakistan sell 40 percent stock exchange end 2016early 2017,business
Oil prices dip on strong dollar firm global suppli,business
Venezuela rejoin global group fighting conflict diamond,business
India soybean falling farmers switch pu,business
Oil prices little changed as dollar gains US drawdown ,business
ECC approves Ramzan relief packag,business
NBP ICBC signed MoU bilateral cooperation Pakistan Chi,business
Iran Saudi threatens OPEC deal questi,business
Gold near 7 week low Fed rate hike pr,business
Pakistan attract foreign investors invest Gawadar Ahsan Iqb,business
Oil jumps to near 50,business
Pakistani traders visit Hou,business
Daily Mail downgrades outlook print advertising slu,business
Oil nears 50barrel on inventory data boosting ,business
Pakistan gold import increases 2134,business
Oil dips after hitting 50 per barrel US stocks steady,business
Pakistani manufacturers showcase auto parts US,business
Oil slips for second day as 50 level sparks new output fear,business
Mobile phones Step towards a connected futur,business
Cabinet approves budget 2016 17 pr,business
NEC meeting approves Rs1675 bn development budg,business
China bets duty free paradise luxury spenders at ,business
missiles subs Anil Ambani bets big def,business
POL prices to remain unchanged,business
Germany slips out of global competitiveness top 10,business
Oil prices edge higher in thin trade OPEC eyed,business
Power shortfall exceeds 6500MW,business
moot forge closer Pak US businesses bonds begins Thursday,business
Gold extends gains as dollar Asian stocks ,business
Economic Survey Pakistan misses GDP targ,business
Oil prices tread water ahead of OPEC meeting,business
Rs 587476 mln allocated to step up natural resources explorati,business
Budget HEC to get Rs 21486487 mln for higher educati,business
Ishaq Dar unveils budget for 2016 2017,business
Pakistani budget expected target revenue generation moderate gr,business
PPA confirms to keep chicken prices up to Rs 145 per Kg,business
IMF releases bailout cash Sri L,business
Turkey sinks Airbus jet to boost dive touri,business
Budget prioritizes agriculture exports development to pr,business
Saudi economic diversification plan finalised,business
Saudi Arab reform plan approved top economic counci,business
Asian shares rise dollar nurses losses after jobs ,business
India Switzerland pledge tackling tax dodger,business
US firms increasingly unwelcome in Chi,business
Asia stocks hit five week hig,business
Demand of dates increased in Ramaz,business
World Bank slashes global growth forecast to 24 per,business
US oil prices end above 50,business
Oil prices near 2016 hig,business
Oil exporters must do more to balance budgets IMF,business
Overseas Pakistani workers remit US1784163m in 11 ,business
India plans 25 pct tax sugar exports drought bi,business
After 11 month peak oil prices take a breather,business
Islamic trade finance body to expand global reach CEO,business
Pakistani stocks end higher ahead of MSCI annou,business
Brexit fear factor sends global stocks spinning,business
SPB introduces modern means ensure new currency notes Eid Paki,business
Businessman held trying to sell Qadhafis dagger Turkey,business
Pakistani stocks hit record MSCI upgrad,business
Pakistans stock market dominates Asia Bloomberg,business
Pakistan shares higher MSCI annou,business
Pakistan MSCU historic Ishaq Dar,business
Pakistan shares higher best weekly gai,business
Q Mobile reveals its New Refreshed L,business
Oil rises for first time in seven day,business
Pakistan on track to end power shortages within two year,business
Pakistan largest king of fruits Mangos cluster world,business
rising economy Pakistan hampered image prob,business
Tokyo stocks open higher on British EU vote optimi,business
Pakistan Jewellery export ri,business
Pakistan telecom sector shoot u,business
Swiss watch industry exports strugg,business
IMF sees US economy in good shape too many in poverty,business
World Bank approves 102 bln Pak reforms disaster resili,business
Ishaq Dar hopes forex reserves cross 22 Bln Ju,business
State Bank issues guidelines against cyber attacks Paki,business
Ireland may assist exporters if Brexit occurs Foreign Minister,business
Kuwait invest solar power projects Paki,business
World stocks tumble as Britain votes for EU exi,business
IMF urges smooth transition for UK EU authoriti,business
Pound Asia markets collapse as Britain quits EU,business
Pakistan stocks fall 2 pct Brexit volatility,business
Pound dives as first Britain EU vote results come i,business
Newly expanded Panama Canal opens for bigger busi,business
Pakistan drill 116 Oil Gas wells next fiscal year,business
US stocks plunge on Brexit Dow drops 610 poi,business
Sterling at lowest since 1985,business
Artificial jewellery stalls attract visitors ahead Eidul Fitr,business
Tokyo stocks rebound after Brexit sell off,business
Bank holiday to be observed on July 1,business
IMF praises Pakistans commitment fiscal consolidati,business
Pound edges up after hitting 31 year ,business
POL prices likely to go up from July 1,business
Global stocks gain as Brexit nerves ,business
Sterling rises for second day market eyes Brexit politi,business
ADB approves 600m loan for Pakistan structural refor,business
Pakistans cotton imports record highs output dwind,business
World Bank approves 200 million credit Balochi,business
Sweet shops enjoying Eid season Paki,business
Tokyo stocks rally in opening trad,business
Third of Britons to tighten belts over Brexit ,business
POL prices to remain unchanged for July,business
Wal Mart heirs again top Forbes list 25 richest US famili,business
Giant diamond fails sell at auction trade interested,business
Mobilink Warid merger transaction completed,business
Tax target achieved foreign exchange reserves cross 23bln mark Dar,business
Smartphone flourishing Pakistan reasonable gr,business
Asian factories struggle Brexit throws up new thr,business
FPCCI cooperate tackling Brexit challeng,business
German new car sales rise in June d,business
Gold eases off near 2 year high silver crosses 21oz,business
Pound tests new 31 year low vs dollar,business
CPEC projects generate 2mln job,business
Pound hits fresh lows as Brexit impact worries surg,business
IMF needs better serve globalization loser,business
Raisin cash Japan grapes fetch 10900 aucti,business
Myanmars state jade sale rakes 530 million Eur,business
Smartphones lift Samsung Electronics to best profit in over 2 year,business
Time for vigilance against measures hamper trade WTO,business
Falling pound boon British touri,business
Hong Kong stocks edge back down at ,business
US economy looks strong with 287000 jobs added in Ju,business
G20 nations pledge to boost trade despite growing protectioni,business
Pakistan shares end higher erase Brexit ,business
Gold slips Brexit tensions ease stocks rally,business
Tokyo shares open higher on weaker yen stimulus ,business
Petroleum group import reduces 362111 months Paki,business
Qatar hotel shaped desert flower,business
Price spike dulls golds lustre Indian buyer,business
Pakistan importing RON 92 standard petrol October,business
Overseas remittances rise 638 to US 199 billion FY16,business
Pakistan State Bank old design banknotes demonetized Dec 31,business
Asian shares rise Europe subdued Nice ,business
Pakistan 35 billion exports target boost industry,business
Turkish lira rallies crashing wake of cou,business
FBR meetings stakeholders immovable property valuati,business
EU takes China to WTO over export curb,business
Nintendos market cap doubles to 42 billion since Pokemon GO lau,business
Indian temple accepts stock market shares donati,business
Gold glisters diamonds hedge the ri,business
Microsoft returns to profit one year after big ,business
Pakistan top emerging economy among South Asian markets AMC,business
Gold drops three week low investors equiti,business
Car production 2157 LCVs increases 3565 11 ,business
Pakistan Textile exports post 742 decline FY 16,business
Hong Kong Shanghai stocks open lower,business
IMF urges key G20 countries spend gr,business
Pound continues slide on forex mar,business
G20 nations warn of Brexit risk to global gr,business
Oil prices extend losses supply worri,business
Tokyo stocks open higher on BoJ stimulus ,business
US consumer confidence steady in July,business
India US Indian Ocean natural gas discovery,business
US Ambassador rings trading bell Stock Exchang,business
PSO receivables surge over Rs 146 billi,business
Ishaq Dar expresses resolve goodbye IMF,business
Pakistan Turkey agree pursue free trade agreement negotiati,business
Boeings iconic 747 era could come to an end,business
Bezos passes Buffett becomes third richest person Forb,business
PIA signs contact lease three A 330s Sri L,business
Government decides against raising petroleum pri,business
State Bank keeps policy interest rate 575 ,business
Pakistan stocks end record hig,business
Pakistan will be among top 10 emerging markets from Asia BMI,business
Pakistan Jewellary exports up 29 FY16,business
Tokyo stocks open lower after BoJ under,business
FBR issues immovable property valuation tables for major citi,business
Coup costsTurkey economy 100 billion minister,business
PSO received Rs 293 bln payment against Rs 308 bln supplies16 ,business
Pakistan IMF successfully complete last review Ishaq Dar,business
Fast beauty Korean cosmetics shine China draw investor,business
IMF release final instalment 66 bn loan Paki,business
Tokyo stocks rise in early trade on weaker yen Toyota soar,business
Pakistan stocks end record hig,business
Pakistan will be among top 10 emerging markets from Asia BMI,business
Pakistan Jewellary exports up 29 FY16,business
Tokyo stocks open lower after BoJ under,business
FBR issues immovable property valuation tables for major citi,business
Coup costsTurkey economy 100 billion minister,business
PSO received Rs 293 bln payment against Rs 308 bln supplies16 ,business
Pakistan IMF successfully complete last review Ishaq Dar,business
Fast beauty Korean cosmetics shine China draw investor,business
IMF release final instalment 66 bn loan Paki,business
Tokyo stocks rise in early trade on weaker yen Toyota soar,business
Strong US July jobs numbers a likely boost for Cli,business
Oil rises on fresh calls for production freez,business
Flight bookings Britain rise Brexit weakens pound,business
Summer season brings boost business PTDC M,business
Tokyo stocks track Wall Street rally at ,business
Iran auction property death row ty,business
Sale of CNG in litres illegal in Sindh OGRA,business
Tokyo stocks down at ,business
Arianna Huffington leave Huffington P,business
Swiss court backs Iran decades old oil row Isr,business
Dubai plane crash survivor hits 1m j,business
Sales Tax initiatives check huge tax evasi,business
Oil prices surge on Saudi ministers talk of possible acti,business
CNG supply resumes Sindh three day long stri,business
Pakistan ready walk right directions TPL M,business
Modi hails sweeping reforms Indias fast gr,business
Tokyo stocks under pressure on weak Japan GDP,business
Pakistan Stock Exchange ends all time hig,business
Oil halts rally market weighs chance output freez,business
British shoppers begin feel post Brexit pi,business
Tokyo stocks up in early trade despite global ,business
Ever wanted track where fish comes from Now you ,business
Oil dips Asia Saudi Arabia output boost repor,business
Pakistan stocks end record hig,business
Pakistan will be among top 10 emerging markets from Asia BMI,business
Pakistan Jewellary exports up 29 FY16,business
Tokyo stocks open lower after BoJ under,business
FBR issues immovable property valuation tables for major citi,business
Coup costsTurkey economy 100 billion minister,business
PSO received Rs 293 bln payment against Rs 308 bln supplies16 ,business
Pakistan IMF successfully complete last review Ishaq Dar,business
Fast beauty Korean cosmetics shine China draw investor,business
IMF release final instalment 66 bn loan Paki,business
Tokyo stocks rise in early trade on weaker yen Toyota soar,business
Strong US July jobs numbers a likely boost for Cli,business
Oil rises on fresh calls for production freez,business
Flight bookings Britain rise Brexit weakens pound,business
Summer season brings boost business PTDC M,business
Tokyo stocks track Wall Street rally at ,business
Iran auction property death row ty,business
Sale of CNG in litres illegal in Sindh OGRA,business
Tokyo stocks down at ,business
Arianna Huffington leave Huffington P,business
Swiss court backs Iran decades old oil row Isr,business
Dubai plane crash survivor hits 1m j,business
Pakistan stocks end record hig,business
Pakistan will be among top 10 emerging markets from Asia BMI,business
Pakistan Jewellary exports up 29 FY16,business
Tokyo stocks open lower after BoJ under,business
FBR issues immovable property valuation tables for major citi,business
Coup costsTurkey economy 100 billion minister,business
PSO received Rs 293 bln payment against Rs 308 bln supplies16 ,business
Pakistan IMF successfully complete last review Ishaq Dar,business
Fast beauty Korean cosmetics shine China draw investor,business
IMF release final instalment 66 bn loan Paki,business
Tokyo stocks rise in early trade on weaker yen Toyota soar,business
Strong US July jobs numbers a likely boost for Cli,business
Pakistan stocks end record hig,business
Pakistan will be among top 10 emerging markets from Asia BMI,business
Pakistan Jewellary exports up 29 FY16,business
Tokyo stocks open lower after BoJ under,business
FBR issues immovable property valuation tables for major citi,business
Coup costsTurkey economy 100 billion minister,business
PSO received Rs 293 bln payment against Rs 308 bln supplies16 ,business
Pakistan IMF successfully complete last review Ishaq Dar,business
Fast beauty Korean cosmetics shine China draw investor,business
IMF release final instalment 66 bn loan Paki,business
Tokyo stocks rise in early trade on weaker yen Toyota soar,business
Strong US July jobs numbers a likely boost for Cli,business
Oil rises on fresh calls for production freez,business
Flight bookings Britain rise Brexit weakens pound,business
Summer season brings boost business PTDC M,business
Tokyo stocks track Wall Street rally at ,business
Iran auction property death row ty,business
Sale of CNG in litres illegal in Sindh OGRA,business
Tokyo stocks down at ,business
Arianna Huffington leave Huffington P,business
Swiss court backs Iran decades old oil row Isr,business
Dubai plane crash survivor hits 1m j,business
Sales Tax initiatives check huge tax evasi,business
Oil prices surge on Saudi ministers talk of possible acti,business
CNG supply resumes Sindh three day long stri,business
Pakistan ready walk right directions TPL M,business
Modi hails sweeping reforms Indias fast gr,business
Tokyo stocks under pressure on weak Japan GDP,business
Pakistan Stock Exchange ends all time hig,business
Oil halts rally market weighs chance output freez,business
British shoppers begin feel post Brexit pi,business
Tokyo stocks up in early trade despite global ,business
Ever wanted track where fish comes from Now you ,business
Oil dips Asia Saudi Arabia output boost repor,business
POL prices likely to go down by Rs435 per litre in September,business
Kalashnikov gunmaker opens store Moscows airpor,business
US helping Pakistani mango farmers access world mar,business
Bangladesh Black Sea wheat India supply fad,business
New York global property crown London Brexit fear,business
Pakistan shares close lower rupee weaker,business
Tokyo stocks open higher on weaker y,business
Illicit gold Indias smugglers shut out refiners b,business
Pakistan prepares second LNG import termi,business
Paris tourism lost 750 mln euros after ,business
Chinas Silk Road powers bids 15 billion Pakistan utility ,business
Chinas Silk Road powers bids for 15 bln Pakistan utility ,business
3G 4G users touch 32 mln mark Paki,business
Welspun scandal plummeting Egyptian cotton outpu,business
Maleeha Lodhi rings NY Stock Exchange closing b,business
Australia warns shipbuilder DCNS security ,business
KNs wins five gold medals at IFFA in Germany,business
Dollar rises following Yellen remarks on rate hi,business
Politically connected Gupta family to sell South Africa compani,business
Gold hits near 5 week low after Fed strikes hawkish ,business
China G20 West derail agend,business
Tokyo stocks open higher as exporters surge on weaker y,business
Sindh CM Murad Ali Shah World Bank finance Karachi mega proj,business
Oil prices rebound on weaker dollar,business
Murad Ali Shah coal mining installation 660 MW power plants Thar,business
Indonesia turns India buffalo beef alternativ,business
Consumer giants Muslims halal face creams ,business
India Ambani telecoms venture free calls cut price d,business
Oil heads for biggest weekly loss since mid January,business
Old banknotes cease to be legal tender from Dec 1,business
Spain proposes former minister linked Panama Papers World B,business
Passport visa fees fetch Rs 86571 bln five year,business
Banks to remain open on 10,business
Bahrains Al Baraka merge Pakistans Burj B,business
Kuwait UAE welcome Saudi Russian oil cooperati,business
UAE introduces much awaited bankruptcy ,business
Tax exempt military fuel sold on open market Afghani,business
Chinas Xi at G20 says world economy at ri,business
Dubai rolls out property projects despite falling pri,business
Oil prices Asia Russia Saudi ,business
BinLadin Group fails clear dues slashes thousands job,business
India WTO trade facilitation deal servi,business
Asia stocks hit one year hig,business
Oil prices extend gains on weak dollar industry d,business
Global airport traffic 64 percent 2015 fastest rate 2010,business
Taxpayers directory to be launched today,business
PIA induct 2nd A 330 aircraft Premier Service next ,business
Banks to remain open today SBP,business
PR losses controlled due to passenger friendly polici,business
Oil prices fall US drillers add rigs speculators cut long positi,business
Dollar wins support September rate hike ,business
Oil rises on smaller than expected build in US crude ,business
US seeks 14 bn from Deutsche Bank over mortgage bond,business
Protesters rally across Germany against mega trade d,business
Oil up as Venezuela sees output d,business
Fed again poised to cut longer run interest rate for,business
Pakistan start international ferry servi,business
Fruits export 5699 vegetable 4311 two ,business
Iran expresses its desire to be part of CPEC proj,business
Ishaq Dar orders investigations into BahamasL,business
Oil bet wrong rusting tankers rigs clog up Asian water,business
Pakistan Nepal for early finalization of FTA,business
SBP keeps policy rate unchanged at 575,business
Coming soon Pakistans biggest online shopping festiv,business
Bank of America cut two dozen Asia investment banking job,business
Pakistans biggest online shopping festival begins Wednesday,business
Three ways to make grocery shopping easy,business
Few hours left for Pakistans biggest online shopping festival to begi,business
WTO cuts 2016 world trade growth forecast to 17 ,business
PTI submits resolution against K Electri,business
India speed up hydropower building rivers flowing Paki,business
Abu Dhabi awards container shipping terminal Chinas C,business
Pakistans biggest online shopping begi,business
Turkey suffers 38 visitor drop coup hits touri,business
Overwhelming response to Pakistans biggest online festiv,business
India Pakistan stocks fall after surgical strikes clai,business
Indian markets crash amid claims of surgical stri,business
OPEC agrees modest oil output curbs first deal since 2008,business
Modi to review MFN status to Pakistan revocation will affect Indi,business
Biggest online festival continu,business
Oil prices surge after OPECs surprise output cut d,business
POL prices to remain unchanged in October,business
Amir returns to Pakistan squad after 5 year b,sports
Australia set to test twin spin attack against Windi,sports
Australia skipper Smith plots return to test summi,sports
McCullum says Amir should get benefit of doub,sports
England declare on 629 6 on record breaking day,sports
Stokes batters South Africa in blistering double ,sports
Australias spinners peg West Indies back in Sydney rai,sports
Amla makes century De Villiers falls for 88,sports
Brathwaite cameo a bright spot in Sydney washou,sports
Amir hopes to win trust with his perfor,sports
Tearful Bairstow enjoys best day of his lif,sports
Bavumas rapid fifty halts England reviv,sports
Yasir Shah takes blood pressure medicine Shahryar,sports
Amla leads South Africas reply with double ,sports
Indian schoolboy breaches 1000 run mark in an inning,sports
Australia withdraw from U 19 WC in Banglad,sports
Henry takes five as NZ complete series win over SL,sports
Day three of Sydney test washed ou,sports
England hold on for draw as weather has final say,sports
England frustrate South Afri,sports
Hashim Amla quits as South Africa test captai,sports
Afridi says media blows trivial issues out of proporti,sports
Rain washes out day four in Sydney,sports
Sledging helps Bavuma knuckle down for maiden Test ,sports
Reporters question infuriates Afridi,sports
FIFA ethics committee extends Valcke suspensi,sports
Uruguay wants to co host 2030 Football World Cu,sports
Rain hit Sydney test ends in draw Australia win series 2 0,sports
Amir cleared to tour New Zealand after visa granted,sports
Indian court issues non bailable arrest warrants for Dhoni,sports
Platini withdraws candidacy for FIFA presidency,sports
Difficulties may be faced with Amirs return Intikhab A,sports
Pakistan stars keen to follow MCL ,sports
FIFA panel tells Blatter Platini why they were banned,sports
Champion Federer sets up Raonic final in Brisb,sports
T20 World Cup trophy reaches Paki,sports
Bouchard heads to Melbourne Park with low expectati,sports
Raonic takes revenge on Federer to win Brisbane ti,sports
Record breakers Guptill Munro lead NZ ,sports
Pakistan cricket team leaves for New Zealand tour,sports
England turn to Croft for spin tips in South Afri,sports
Australia to blood two new pacemen for India one day opener,sports
Australia to blood two new pacemen for India ODI opener,sports
Halep wins on return but fitness doubts remai,sports
Judo team for South Asian Games announced,sports
Smith Bailey tons power Australia to five wicket wi,sports
Lionel Messi wins Ballon dOr for fifth ti,sports
National Ranking Tennis from January 18,sports
De Villiers still motivated to play all forms of the g,sports
Usman Khawaja into Australia squad as Warner takes leav,sports
South Africa opt to bat in 3rd test against England,sports
Root Stokes fire up England r,sports
Viljoen makes dream start as England strugg,sports
Rohit ton in vain again as Bailey steers Australia to victory,sports
Amir claims wicket on return as Pakistan triu,sports
Broad lifts England to series win in South Afri,sports
Brilliant Broad destroys South Afri,sports
England take slight first innings lead over South Afri,sports
Dhoni may make India chase in third one dayer,sports
Sabbir heroics help Bangladesh sink Zimbab,sports
Maxwell dazzles as Australia clinch series against Indi,sports
Williamson Guptill record stand helps NZ to level seri,sports
Uncapped Bumrah to replace Shami in India T20 squad,sports
World tennis has been ripe for match fixing,sports
Britains Konta downs Venus in Australian Open u,sports
Amir Khan to take on Garcia Guerrero fight winner,sports
Australia off spinner Hauritz announces retir,sports
Sublime Verdasco sends Nadal to early Melbourne exi,sports
FIFAs Blatter is still being paid his salary despite b,sports
Bouchard suffers at hands of Radwanska after early promi,sports
Zimbabwe upset Bangladesh to stay in T20 seri,sports
Pakistan thrashes arch rival India in T20 Blind Asia Cu,sports
Waller Sibanda guide Zimbabwe to 187 6,sports
Zimbabwe opt to bat in third Bangladesh T20,sports
Australia win run fest after India meltd,sports
Finch Warner power Australia to 348 against Indi,sports
Pakistan tames Sri Lanka to qualify for Asia Cup fi,sports
Pakistan to face New Zealand in final T20 Friday,sports
Radwanska plays through the pain to reach last 16 at Australian O,sports
Amla and Cook lead South Africa to 329 5,sports
Stylish Amla leads strong start for South Afri,sports
Debutant Cook shines as South Africa reach 107 1 at lu,sports
Masakadza Madziva help Zimbabwe level seri,sports
Green shirts Kiwis observe one minute silence for university martyr,sports
Pakistan win toss opt to field in T20 series decider,sports
Konta stuns Allertova to march into last 16 at Australian O,sports
Pandeys ton helps India avoid whi,sports
Warner Marsh tons lift Australia to 330 7,sports
Hales falls cheaply in Englands reply,sports
De Kock takes South Africa to 421 8 at lu,sports
Windies Chanderpaul retires from internati,sports
Rabada grabs six as England falter,sports
India beat Pakistan to clinch Asia Cup T20 Cricket of the Blind ti,sports
Radwanska escapes after Friedsam suffers injury,sports
Rabada rips through England to hand advantage to Pr,sports
Rabada at the double as South Africa scent victory,sports
Keys falls to Zhang Shuai at Australian O,sports
Raonic shocks Wawrinka to reach Australian Open quarter,sports
Murray downs Tomic to reach Melbourne quarter fi,sports
Amla Bavuma put South Africa in driving ,sports
Injured Amla stands firm as South Africa build lead,sports
Kiwis set 281 runs target for Pakistan in first ODI,sports
Pakistan wins toss invite New Zealand to bat in firs ODI,sports
Shahid Afridi unhappy with teams perfor,sports
Australian Open Sania Mirzas pair defeats Asiams in mixed doub,sports
Federer through to semis with efficient win over Berdy,sports
Serena beats Sharapova to reach semi fi,sports
NZ Cricket apologises to Amir for a tau,sports
Konta reaches Australian Open semis for first ti,sports
Djokovic puts down Federer fightback to reach fi,sports
Serena demolishes Radwanska to make final in Australi,sports
Pakistan Kiwis 2nd ODI washed out in Napier,sports
Tortured Murray outlasts Raonic to reach Melbourne fi,sports
De Villiers appointed South Africa Test captai,sports
Rohit Kohli power India to series win in Melbour,sports
India sent into bat by Australia in 2nd T20I,sports
Sania Mirza Hingis win Australian Open doubles ti,sports
Pakistan beat Canada in Under 19 World Cu,sports
Watson to lead Australia for final India T20,sports
Banned Narine included in Windies squad for World T20,sports
Kerber stuns Williams to win Australian Open ti,sports
Nearly 1 mn in FIFA funds missing in Gu,sports
India clinch thriller to complete sweep over Australi,sports
Kiwis beat Pakistan to bag series 2 0,sports
Pakistan Cricket Board Considering Central Contract For Mohammad Amir,sports
Djokovic thrashes Murray for sixth Aussie Open ti,sports
South Africa call Wiese into ODI squad as Morkel drops ou,sports
New Zealand prime triple spin threat for World T20,sports
Bangladesh beat Namibia in U 19 World Cu,sports
Blackwell Perry power huge Australia wi,sports
Messi will not play at Rio Olympics says Argentina ,sports
PSL Shooting Star Trophy unveiled,sports
Pakistan beat Sri Lanka to finish top of Group B,sports
Henry Guptill superb as NZ thrash Australia by 159 ru,sports
Quetta Gladiators Win Toss invite Islamabad United to bat in First PSL ,sports
PSL inaugurated amid fireworks music extravaganza in Dubai,sports
ICC decides to revoke special status of Big Thr,sports
APS students leave for Dubai to attend PSL inaugurati,sports
Australia bans womens cricketer for betting on ,sports
United set 146 to beat Zalmi in PSLs third ,sports
Karachi Kings record easy 7 wkt win over Lahore Qalandar,sports
Kings Amir hat trick restrict Qalandars to 125 8 in PSL,sports
Australia recall Khawaja in bid to save seri,sports
Wright steers Quetta to easy win against Islamabad in PSL opener,sports
PSL Gladiators hammer Karachi Kings by 8 wi,sports
Australias Watson joins IPLs Bangalore for 14 milli,sports
Marsh guides Australia to series levelling win in NZ,sports
New Zealand set 282 for Australia in second ODI,sports
New Zealand bat against Australia in second ODI,sports
Asghar Wahab help Peshawar beat Islamabad,sports
Sammy steers Peshawar to 136 7 against Qu,sports
South Asian Games Pakistan earn wins in squ,sports
Islamabad United record thrilling 2 run win over Karachi King,sports
Lianna wins first Gold for Pakistan in South Asian G,sports
Karachi restrict Islamabad to 132 8,sports
Karachi win toss put Islamabad into b,sports
ICC bans Yasir Shah for three months after positive dope ,sports
PSL Peshawar Zalmi tames Lahore Qalandars with 9 wi,sports
South Asian Games Pakistan beat India in hockey ,sports
Pakistan out of U 19 World Cup after stunned by Windi,sports
Finch dumped as Australia T20 skipper,sports
Brendon McCullum dismissed for 47 in final one day inning,sports
Gladiators beat Zalmi with 3 wickets in tight PSL ,sports
India thrashes Sri Lanka to reach fifth U 19 World Cup climax,sports
Mohsin stars in Pakistans big triumph against N,sports
Root ton helps England reach 318 8,sports
National Snooker Cship beginning from Feb 15 in Karachi,sports
England bat against South Africa in 3rd ODI,sports
Messi undergoes tests for kidney prob,sports
Akmal Delport lead Qalandars to impressive 63 run wi,sports
Lahore set 167 run target for Islamabad,sports
Uncapped Dawson in England World T20 squad,sports
Islamabad win toss put Lahore into b,sports
Pakistan squad named for Womens T20 World Cu,sports
Pakistan name 15 man squad for T20 World Cu,sports
Windies board rejects call for new deal in World T20 r,sports
De Kock Amla centuries help South Africa sink England,sports
PSL Quetta Gladiators restrict Islamabad United to 117,sports
Quetta win toss elect to field against Islamabad,sports
psl Zalmi win nailbiter against Kings by 3 ru,sports
Sana Mir to lead Pakistan in Womens World T20,sports
Peshawar sets 183 run target for Karachi in PSL,sports
PSL Peshawar Zalmi bat first against Karachi King,sports
Moving ball to test Australian technique in Welling,sports
Watson Sharjeels record stand brings easy win for United,sports
Dhawan bowlers power Indias series levelling wi,sports
Islamabad set 153 for Peshawar in PSL T20,sports
Peshawar Zalmi win toss elect to field,sports
Sri Lankas Perera grabs hat trick against Indi,sports
Pakistan beat India to clinch hockey gold in SAG,sports
Boparas one man show grabs win for King,sports
Bopara steers Karachi Kings to 178 against Lahore Qalandar,sports
Broad back as SA win toss and field in 4th ODI,sports
Smith Khawaja drive home Australias advantage on day ,sports
PSL Lahore Qalandars opt to field against Karachi King,sports
Windies captain Sammy calls for mediation in T20 r,sports
Gladiators clinch easy win against United with 7 wi,sports
West Indians Narine and Pollard out of World Twenty20,sports
Delport Umar steer Lahore to 164 3 against Peshawar,sports
Peshawar Zalmi elect to bowl against Lahore Qalandar,sports
Quetta record easy 5 wicket win over Karachi,sports
Elliott helps Quetta restrict Karachi to 126 9,sports
Voges cashes in as Australia forge huge lead,sports
Karachi Kings bat first against Quetta Gladiator,sports
FIFA ethics committee bans Valcke for 12 year,sports
Tamim powers Zalmi to win against United by 7 wi,sports
PSL Gladiators set 130 run target for Zalmi,sports
Wahab Riaz Ahmed Shahzad get physical at PSL ,sports
PSL Quetta win toss elect to bat against Peshawar,sports
Islamabad emerge victorious against Karachi,sports
Pakistan beat England to finish fifth in U 19 World Cu,sports
Venus vanquishes Doi to claim inaugural Taiwan ti,sports
Hales century holds England together,sports
Islamabad win toss field against Karachi,sports
West Indies become new U 19 World Cup ,sports
Voges double ton helps Australia take huge lead,sports
Lahores sensational 4 run win over Peshawar,sports
India thump SL by 107 runs in first ODI,sports
New Zealand unchanged for second Test against Australi,sports
Australia thrash NZ in first Test by inning,sports
Boycott averted as West Indies players sign up for World T20,sports
PSL Afridi Malan steer Zalmi to easy win over Qu,sports
Lahore set PSL record target for Qu,sports
Quetta win toss put Lahore into b,sports
Pakistan to play two warm up matches in ICC World T20,sports
Australias Watson confident of fitness for World T20,sports
Ahmed Shehzad wishes Wahab Riaz good luck for Asia Cu,sports
Umar Sohaib take Lahore to 150 5 against Islamabad,sports
Islamabad United win toss bowl against Lahore Qalandar,sports
Hodge steers Zalmi to five wicket win against Karachi,sports
Indian HC ensures VVIP security for Pakistan cricket ,sports
Inter School Scrabble Championship on Feb 28 in Karachi,sports
Karachi Kings set 153 run target for Peshawar Zalmi,sports
UK high commissioner wants England to play cricket in Paki,sports
Karachi win toss bat against Peshawar,sports
Serena withdraws from Qatar Open with flu,sports
Quetta pull off impressive last ball win against Lahor,sports
Malinga returns to lead Sri Lanka in World T20,sports
Ajmal set for Pakistan rebirth after learning new acti,sports
PSL Islamabad registers smooth 5 wicket win over Lahor,sports
Shoaib Malik withdraws from Karachi Kings captaincy,sports
Peshawar Zalmi bowl out Quetta Gladiators for 133,sports
Van Niekerk stars in historic South Africa wi,sports
Zalmi bowl against Gladiators in PSL first Qualifying Fi,sports
India clean sweep Sri Lanka in Womens Championshi,sports
Blatter says wont back any candidate in FIFA presidential electi,sports
Islamabad restrict Karachi to 111 9 in 2nd qualifying fi,sports
Islamabad United win toss bowl against Karachi King,sports
McCullum smashes fastest test century,sports
Gladiators hammer Zalmi in nailbiter to make it to PSL Fi,sports
PSL Sharjeels ton takes Islamabad to 176 3 score against Peshawar,sports
Zalmi win toss put United into bat in 3rd QF,sports
Sarah Errani races to Dubai tennis ti,sports
South Africa bowl first England recall Billings for Willey,sports
Sarah Taylor leads England to series wi,sports
Burns Smith centuries put Australia in charg,sports
Karachi eliminated Islamabad to play Peshawar,sports
National Women Netball Championship to kick off on March 3,sports
NZ reduce deficit to 92 Australia get Gupti,sports
PSL Islamabad thump Peshawar to face Quetta in fi,sports
Shehzad Sanga help Quetta set 175 for Islamabad,sports
Quetta Gladiators bat against Islamabad United in PSL Fi,sports
Australia in charge need 131 to win second T,sports
Pakistan keen to build on Super League su,sports
All PSL final tickets sold out Sethi,sports
Dottin five for derails South Africa W,sports
India win Asia Cup opener against Banglad,sports
Rohits 83 lifts India to 166 6 against Banglad,sports
Asia Cup 2016 Pakistan team arrives in Banglad,sports
Bangladesh put India into bat in Asia Cup opener,sports
Afridi facing huge pressure on T20 retirement decisi,sports
Smith leads Australia back to test summi,sports
Islamabad United become first PSL champi,sports
Sri Lanka Beat UAE By 14 Runs In Asia Cup T20,sports
Pakistan allows cricket team to play World T20 in Indi,sports
Blatter and Platini bans reduced to six year,sports
Sania Mirza Martina Hingis 41 Match Winning Streak End,sports
Plunkett replaces injured Finn in England World T20 squad,sports
Bangladesh crush UAE by 51 ru,sports
Asia Cup UAE restrict Bangladesh to 133 8,sports
UAE win toss elect to bowl against Banglad,sports
All eyes on Amir as arch rivals ,sports
Sania to support India wants husband Shoaib to do ,sports
India clean sweep Sri Lanka in women T20I seri,sports
Azhar Mahmood named Pakistans interim bowling ,sports
FIFA aims to start afresh with vote to replace Blatter,sports
India cruise to win after tough fight by Paki,sports
Pakistan batting disaster in Dhaka fall for 83,sports
Asia Cup Pakistan batting collapses against Indi,sports
India win toss bowl against Paki,sports
Infantino chosen to lead FIFA into new er,sports
Asia Cups biggest match would be played between Pakistan India today,sports
Pakistan looks to thrash UAE to bury demons of India def,sports
Bangladesh stun Sri Lanka by 23 ru,sports
Sabbir guides Bangladesh to 147 7 against Sri L,sports
Bangladesh win toss bat against Sri L,sports
Wawrinka wins Dubai title after marathon tiebr,sports
Chetty van Niekerk fifties set up SA wi,sports
Malik Akmal inspire Pakistan to win after early ,sports
Minnows UAEs brave batting against Pakistan pacer,sports
BVS Parsi school shines at Inter School Scrabble ,sports
UAE win toss bat against Paki,sports
Azhar says Pakistans fast bowling attack best in the world,sports
Rashford determined to continue amazing start at United,sports
Asia Cup India restrict Sri Lanka to 138,sports
Fans celebrate Shahid Afridi 36th birthday,sports
Asia Cup India opt to bowl against Sri L,sports
Pattinson ordered to rest after recurrence of shin pai,sports
Indo Pak match at Dharamsala will not be allowed CM HP,sports
Tennis stars Serena Maria Hit The Oscar,sports
New Zealand women clinch series against Australi,sports
India to have an edge against Sri L,sports
Mani wants PCB to pull out of their World T20 match against Indi,sports
Tigers shatter Pakistan dream to make it to fi,sports
Sarfraz helps Pakistan set 130 run target for Banglad,sports
Pakistan win toss bat against Bangladesh in do or die b,sports
Platini appeals FIFA ban tribunal say,sports
Pakistan face Bangladesh in must win game today,sports
India defeat Sri Lanka by 5 wi,sports
India defeat UAE by 9 wi,sports
Asia Cup UAE win toss decides to bat fir,sports
Former New Zealand captain Crowe dies aged 53,sports
Pakistan win by six wickets against Sri L,sports
Dilshan Chandimal fifties help Sri Lanka post 150 4,sports
Pakistan win toss bowl against Sri L,sports
Nisars security briefing to PM on Pak cricket teams India tour,sports
Poor performance in Asia Cup Fact finding committee formed,sports
PCB Chief blasts painful team performance in Asia Cu,sports
Rajiv Shukla assures full security for Pakistan team in Dhar,sports
Messi hat trick helps Barca to record 35 match unbeaten ru,sports
Pakistani cricketers talk good about India for money Sehwag,sports
Hindu extremist group threatens to dig up pitch if Pakistan play at Dhar,sports
In case of security risk Pakistan should opt out of WT20 Wasi,sports
2026 World Cup bid must be bullet proof says Infanti,sports
Pakistan dropped to eighth in latest ICC T20 ranking,sports
India overpower Tigers to become Asian ,sports
Bangladesh set 121 for India in Asia Cup fi,sports
India opt to bowl against Bangladesh in rain reduced Asia Cup fi,sports
Rain stops in Dhaka toss likely in few minu,sports
Heavy rain delays start of Asia Cup fi,sports
Amir made video to educate cricketers against graf,sports
World T20 Pakistan security team to visit India on Monday,sports
Afridi calls for PMs intervention to promote ,sports
International tennis activities return to Pakistan after 11 year,sports
ICC probes Hong Kong team confident of clean World T20,sports
Ahmed Shehzad recalled in World T20 bound squad,sports
Google dedicates its doodle to T20 World Cu,sports
Afridi stopped from speaking to medi,sports
ICC launches corruption probe on international ,sports
Pakistan security team in India to assess WT20 security arrang,sports
Sharapova set to make major annou,sports
Pakistan should not play Dharamsala T20 Imran K,sports
Reactions to Maria Sharapovas positive dope ,sports
Afghanistan defeat Scotland by 14 ru,sports
Pak security team to submit its report on Wednesday,sports
Shahzad Stanikzai steer Afghanistan to 170 5,sports
Afghanistan win toss bat against Scotland,sports
Zimbabwe beat Hong Kong in World T20 opener,sports
Pak team set to leave for India tomorrow awaits Govt nod,sports
Zimbabwe set 159 runs for Hong Kong in World T20 opener,sports
Hong Kong bowl Ryan Campbell debu,sports
Hosts with the most India eye World T20 cr,sports
Malinga steps down as SLanka captain for World T20,sports
Jury finds hotel liable in Erin Andrews stalker video ,sports
Tennis star Sharapova faces suspension after failing drug ,sports
South Africa bat in decider against Australi,sports
South Africa women clinch thriller to take series 2 1,sports
Oman stun Ireland with two wicket wi,sports
Ireland set 155 run target for O,sports
Ireland win toss bat against O,sports
PCB hails ICC decision but seeks Indian Govt assur,sports
Bangladesh record thrilling win over Netherland,sports
Tamim steers Bangladesh to 153 7 against Netherland,sports
Bangladesh bat against Netherlands in Dhar,sports
Pak India World T20 venue shifted to Kolkata ICC,sports
T20 WC Pakistan refuses to play against India in Dhar,sports
Nadal points to Maria Sharapovas neglig,sports
Ireland knocked out in washout against Banglad,sports
Ireland win toss put Bangladesh into b,sports
Netherlands ousted after T20 against Oman washed ou,sports
Pak cricket team allowed to travel to India for World T20,sports
Pakistan cricket team likely to depart for India Saturday,sports
Govt to decide on teams departure PCB,sports
T20 WC India assures full security to Pakistan ,sports
Scotland record first win at ICC global ev,sports
Pakistan cricket team reaches India to participate in World T20,sports
Hong Kong make 127 7 after bad start against S,sports
Hong Kong bat against Scotland in dead rubber,sports
Afghanistan crush Zimbabwe to enter World T20 Super 10,sports
Afghanistan amass 186 6 against Zimbab,sports
Afghanistan bat in knockout clash against Zimbab,sports
Pakistan T20 squad leaves for India after security assur,sports
India favoured to keep Asia on top in WC T20,sports
Sharapova slams media coverage of doping ,sports
Bangladesh crush Oman to qualify for second round,sports
Tamim ton helps Bangladesh set 181 for O,sports
Bangladesh sent into bat by Oman in knockout g,sports
Van Meekeren seals Netherlands sign off victory,sports
Ireland to bowl in match delayed by rai,sports
Pakistan team physically mentally fit to play in India says Afridi,sports
England win World T20 warm up against Mumbai CA,sports
Pakistan win World T20 warm up against Sri L,sports
Pakistan make 157 5 in warm up against Sri L,sports
Pakistan opt to bat against SLanka in WC T20 warm u,sports
Afridi served legal notice over love remarks in Indi,sports
Serena wins third round match at Indian W,sports
New Zealand women beat Sri Lanka women by seven wi,sports
New Zealand humble India by 47 ru,sports
India restrict New Zealand to 126 7,sports
India crush Bangladesh by 72 runs in womens World T20,sports
New Zealand win toss bat against India in Super 10 opener,sports
India Pakistan legends to be honoured at Pak India ,sports
Shafqt Amanat Big B to sing national anthems in India Pak ,sports
NZealand await spin trial in World T20 opener against Indi,sports
Pakistan beaten by four runs against Windi,sports
Gayles 47 ball ton wipes out England,sports
Windies win toss bowl against England,sports
Pakistan wreck Bangladesh in their first World T20 ,sports
Pakistan hammer 201 5 against Bangladesh in Super 10,sports
WC T20 Pakistan opt to bat against Banglad,sports
Stats back Pakistan to avenge Asia Cup defeat against Banglad,sports
Sri Lanka beat Afghanistan by six wickets in World T20,sports
Afghanistan set Sri Lanka 154 to wi,sports
Afghanistan bat first against Sri L,sports
Bullish Steyn ready to lead S Africa World Twenty20 bid,sports
India Pakistan look to tune out India Pakistan hy,sports
Australia women record easy win over South Africa ,sports
England beat Proteas by two wickets in high scoring ,sports
Proteas plunder 229 4 against England,sports
Former greats pin high hopes on Shahid Afridi,sports
New Zealand crush Ireland in Womens World T20,sports
England win toss bowl against South Afri,sports
New Zealand record dramatic win over Aussi,sports
Sri Lankas Malinga ruled out of World T20,sports
WCT20 N Zealand set Australia 143 to win in Dhar,sports
WC T20 Waqar confident Pakistan will defeat Indi,sports
WC T20 N Zealand bat first against Australi,sports
Imran to advice Pak team ahead of India T20 ,sports
FIFA paid Blatter 376 million in 2015,sports
Kohli guides India to 6 wkt win against Paki,sports
Pakistan make 118 5 against India in rain curtailed ,sports
India win toss opt to bowl against Paki,sports
I hope match result is same as when I played here last time says Imr,sports
Impressive ceremony opens Pak India T20 match at Eden Gard,sports
Pak India match delayed reduced to 18 overs a sid,sports
Pak Women beat India Women under DL method,sports
Womens World T20 Pakistan restrict India to 96 7,sports
World T20 Imran Khan meets Pakistan team in Indi,sports
Women WCT20 Pakistan opt to field against Indi,sports
WCT20 Heavy rain lashes Kolkata ahead of Pak India ,sports
Serena battles past Radwanska to reach Indian Wells fi,sports
Indias Kohli gifts Muhammad Amir b,sports
Windies record easy 7 wkt win over Sri L,sports
Istanbul cancels soccer derby on security fears CNN Tur,sports
West Indies restrict Sri Lanka to 122 9,sports
Windies win toss field against Sri L,sports
South Africa defend 200 plus total to beat Afghani,sports
Womens World T20 Windies beat Bangladesh by 49 ru,sports
Proteas plunder 209 5 against Afg,sports
Pakistan fail to show up as India revive campaig,sports
South Africa win toss opt to bat against Afghani,sports
Imran congratulates womens team criticizes Pakistan cricket structur,sports
Khawaja guides Australia to three wicket wi,sports
Late flurry helps Bangladesh to 156 5 against Australi,sports
Australia win toss opt to bowl against Banglad,sports
Womens World T20 NZealands comfortable win over Aussi,sports
Womens World T20 New Zealand restrict Australia to 103 8,sports
Imran asks India to play positive role for bilateral seri,sports
Bangladesh urge ICC to lift Taskin b,sports
PCB chief disappointed over Pak team performance against Indi,sports
Pakistan give up chase as New Zealand reach semi,sports
Guptill powers New Zealand to 180 5 against Paki,sports
New Zealand win toss bat against Paki,sports
Womens World T20 England beat India in nail biting fini,sports
Womens World T20 England restrict India to 90 8,sports
South Africas Duminy ruled out of Windies g,sports
India beat Bangladesh by one run in World T20,sports
Bangladesh restrict India to 146 7 in World T20,sports
Bangladesh win toss field against Indi,sports
Afghanistan beaten after giving tough time to England,sports
Moeen saves England from total ,sports
PCB decides to sack head coach chief selector captai,sports
England win toss bat against Afghani,sports
Blow for Bangladesh as ICC uphold Taskin suspensi,sports
Sidra powers Pakistan to tame Bangladesh in WWT20,sports
Watson to quit international cricket after World T20,sports
Shoaib Malik rules out grouping in Pakistani ,sports
West Indies beat South Africa to reach semi,sports
Pakistan captain Afridi undecided over retir,sports
West Indies restrict South Africa to 122 8,sports
Windies win toss bowl against South Afri,sports
WT20 Pakistan fail to get into semis after ousted by Aussi,sports
WT20 Pakistan set tough 194 run target by Aussi,sports
WT20 Australia bat first against Pakistan in crucial ,sports
World football mourns death of Dutch master Cruyff,sports
NZealand knock SAfrica out of Womens World T20,sports
Sri Lanka go down fighting as England reach semi,sports
England set 172 run target for Sri L,sports
Sri Lanka win toss bowl against England,sports
New Zealand crush Bangladesh top Group 2 in WT20,sports
WWT20 Australia cruise to easy win against Ireland,sports
Aussie bowlers restrict Irish Women to 91 7,sports
New Zealand reach 145 8 despite Mustafizurs five wkt hau,sports
N Zealand win toss opt to bat against Banglad,sports
Kohli takes India to World T20 semis ousting Aussi,sports
Pak women knocked out by England ,sports
Australia post 160 6 against India in crucial World T20 ,sports
WWT20 Edwards steers England to 148 5 against Paki,sports
Australia win toss bat against Indi,sports
West Indies knock India out of Womens World T20,sports
Afghanistan shock West Indies with 6 run wi,sports
Womens World T20 India restrict West Indies to 114 8,sports
Najib takes Afghanistan to 123 7 against West Indi,sports
West Indies win toss bowl against Afghani,sports
South Africa easily beat Sri Lanka in dead rubber,sports
South Africa bowl out Sri Lanka for 120 in dead rubber,sports
Womens WT20 Sri Lanka beat South Africa by 10 ru,sports
South Africa win toss field against Sri L,sports
Kohli masterclass prompts Tendulkar compari,sports
Watson finishes as No1 T20 all rounder,sports
Waqar Younis apologises over teams debacle in WT20,sports
WT20 Peaking England meet soaring Kiwis in first semi,sports
England shatter Kiwis dream to reach World T20 fi,sports
Blade Runner Pistorius sentencing set for June 13 17,sports
New Zealand set 154 for England in World T20 semi,sports
England bowl against New Zealand in World T20 first SF,sports
Waqar airs anger over leakage of report PCB chief promises inquiry,sports
Australia beat England to reach Womens World T20 fi,sports
India replace injured Yuvraj with batsman Pandey,sports
India bank on spin to blunt West Indian ,sports
Messi scores 50th Argentina goal in 2 0 win over Bolivi,sports
Shahid Afridi apologies to nation for dismal performance in T20 World cu,sports
France beef up security at stadium for Russia soccer ,sports
Younus Misbah do not attend PCB Meeting,sports
West Indies snatch win from jaws of defeat to reach fi,sports
Kohli shines as India amass 192 2 against Windi,sports
West Indies win toss bowl against India in 2nd Semi fi,sports
Windies in final with thrilling win against New Zealand,sports
Womens WT20 semis Cooper takes Windies to 143 5 against NZ,sports
Warne blasts Australia selectors for latest T20 failur,sports
Intikhabs report terms Afridi a clueless captai,sports
Battling Kuznetsova reaches Miami Open fi,sports
PCB chairman denies resignation rumour,sports
PCB Chairman Shahryar Khan decides to step d,sports
Were not just drummers in the Windies band says Si,sports
Different England to turn up in World T20 final Morg,sports
Explosive Windies face fearless England in fitting fi,sports
Windies become T20 champs after sensational win against England,sports
Pakistan beat Sri Lanka in 1st match of Blind cricket seri,sports
West Indies set 156 by England in World T20 fi,sports
West Indies win toss bowl against England in WT20 fi,sports
West Indies win their first Womens World T20 ti,sports
Shahid Afridi relinquishes captaincy after WorldT20 deb,sports
Windies warriors to face fearless England in WT20 finale tonig,sports
Selection committee dissolved Wasim Ramiz to choose new ,sports
Windies board offers talks with new T20 ,sports
Waqar Younis steps down as head ,sports
Windies final triumph hailed as one of the best ever,sports
Only Anam from Pakistan included in ICC ,sports
Doping Sharapova positive test sparks renewed vigilance in NZ,sports
Pakistan whitewash Sri Lanka in Blind T20 seri,sports
Sultan Azlan Shah Cup begins Wednesday at I,sports
Sarfraz Ahmed named as Pakistans T20 captai,sports
National TT championship from April 11,sports
St Lucia ground renamed after Windies skipper Sammy,sports
Australia to add pink ball against Pakistan South Afri,sports
Pakistan begin Azlan Shah campaign with 3 1 wi,sports
PCB camp for spinners from Friday,sports
Argentina top as South America dominate FIFA ranking,sports
IPL 9 kicks off with star studded opening ceremony,sports
Maham bowls Hyderabad to victory,sports
Pakistan Fed Cup team captain confident of good ,sports
Windies spinner Narines bowling action cleared,sports
No groupings in team players are not good enough Azhar Mahmood,sports
National Assembly apprised on cricket teams failur,sports
Kolkata Knight Riders rout Delhi Daredevi,sports
Aqeel eases into tennis tourney semi,sports
Pune crush Mumbai by nine wickets in IPL opener,sports
Badminton star Lee wins Malaysian O,sports
England cricketer Moeen Ali stopped at Birmingham airpor,sports
India face Pakistan at Sultan Azlan Shah today,sports
Gujrat begin IPL campaign with 5 wkt win over Punjab,sports
Razzaq to assist Sri Lanka blind cricket ,sports
Pentangular cricket cup expected from April 19,sports
Stephens beats Vesnina to win title at Char,sports
PCB to appoint new coach by first week of May,sports
Sania Mirza receives Indias Padma Bhushan award,sports
Pakistan ousted by India in Azlan Shah hockey,sports
Serious heart condition forces Englands Taylor to qui,sports
Rohit Buttler steer Mumbai to six wicket win over KKR,sports
Wisden honour for McCullum and Willi,sports
PCB to groom youth through Pakistan Cu,sports
Real seal another epic comeback with Ronaldo treb,sports
RCB crush Sunrisers after hitting 227 4,sports
Pakistan eyeing gold in Asian Snooker Cshi,sports
Maria Sharapova still faces meldonium hearing says ITF,sports
Sharapova could be thrown lifeline by Wada ruling,sports
Pakistan Cup begins April 19 with Balochistan vs Punjab ,sports
Murray storms into Monte Carlo last four,sports
Griffith Hick named as Australia coaches for ODI seri,sports
Renovated Iqbal Stadium to host Pakistan Cricket Cu,sports
PCB decides to appoint Inzamam ul Haq as chief selector,sports
PCB decides to appoint Inzamam as chief selector,sports
West Indies refuse to visit Pakistan for ODI ,sports
Inzamamul Haq assumes charge of Pakistan chief selector,sports
Messi nets 500th goal but Barcelona ,sports
Knee issue rules Lasith Malinga out of IPL,sports
Amazing Grace wins Heritage title by two str,sports
Six time world snooker champion Steve Davis retir,sports
Barcelona rocked by 2 1 home defeat to Valenci,sports
Herath retires from ODI T20 International cri,sports
Delhi beat Bangalore in high scoring IPL encounter,sports
South Africa players against day night ,sports
Djokovic Serena win top Laureus awards for dominating tennis in 2015,sports
Warners unbeaten 90 powers Sunrisers to first wi,sports
Hong Kong player banned for anti corruption code br,sports
Pakistan to play 3 Tests 5 ODIs in Australia in 2016 17,sports
Kolkata thrash Punjab to go on top in IPL,sports
Rio Games countdown starts with Olympia torch lighting,sports
Pakistan to raise voice against Big 3 in ICC meeting,sports
Mumbai Indians outclass RC Bangalor,sports
Pakistani batsmen dont work hard Grant Flower,sports
New technology to detect edges in cricket to be launched ,sports
Determined Yuvraj sets 2019 World Cup g,sports
Murray says will play Davis Cup despite tough schedu,sports
Table Tennis Master Cup to be held in May,sports
Jemima Sumgong wins womens London Marathon after f,sports
Nadal races into final as he chases Vilas record,sports
Kerber defends Stuttgart ti,sports
Younis Khan decides to rejoin Pakistan Cu,sports
South Africa bans rugby cricket from bidding for major tour,sports
Ahmed Shehzad Pakistan Cricket Younis K,sports
Jaun Mata Footballers Overpaid Manchester United,sports
Resurgent Nadal beats Nishikori to reclaim Barcelona cr,sports
Leicesters Mahrez named English PFA player of the year,sports
Scotland claims top prize in ICC Annual Awards 2015,sports
Shahzad wins Nissan Play of the Tournament award for WT20,sports
All Test nations want day night matches says Australi,sports
All test nations want day night matches says Australi,sports
ICC blasts West Indies for World T20 outburst over pay,sports
Government to establish sports university Dar,sports
PCB accepts Younis apology allows to play in Pakistan Cu,sports
Malinga acted against medical advice by doctor,sports
Pak India hockey veterans set for action in May,sports
PCB conducting dope tests on directives of ICC,sports
Australias Hastings out of West Indies tour,sports
Australia eye SAfrica great Donald as bowling ,sports
Publish my drug test results says Nad,sports
Manchester City hold Ronaldo less Real to stay in hunt for fi,sports
Williamson set to lead New Zealand in all three for,sports
Waqar blames Afridi for green shirts consistent def,sports
Jordan replaces Starc at Bangalore Mumbai sign Taylor,sports
New Zealand confirm Williamson as skipper,sports
Hamilton fastest in Russia Vettel ,sports
Vivian Richards accuses ICC of partiality towards Indi,sports
Smith backs Cricket Australia campaign for day night ,sports
India announce Windies tour to revive ti,sports
KPK bat against Punjab in Pakistan Cup fi,sports
Li maintains Chinese grip on China O,sports
Jamaican Omar McLeod runs fastest 110m hurdles time of 2016,sports
Australias Voges taken to hospital after being hit by b,sports
Inzamam drops Afridi Shehzad Akmal trio for Englad tour,sports
Afghanistans Plastic Messi comes to Paki,sports
Moores turns down chance to coach Paki,sports
KP win Pakistan Cu,sports
Australia captain Smith heads home with wrist injury,sports
Tendulkar agrees to become Indias Olympics goodwill ambassador,sports
Pakistan rise to third in Test rankings South Africa slip to six,sports
India to tour Zimbabwe next month for ODIs T20,sports
Flame lands in Brazil for 90 day relay to G,sports
Afridi hopes to set up a proper cricket academy,sports
Shoaib Akhtar chilling Islamabad hot weather,sports
Afridi PCB grassroots level Pakistan cri,sports
Leicester claim Premier League title as Spurs held,sports
Maturing Kyrgios knocks Wawrinka out of Madrid O,sports
Pakistan pushed out of Top 8 in ODI Ranking,sports
My place in football history is assured says Ronald,sports
Pakistan beat Sri Lanka in Asian Kabaddi,sports
Amir Khan would join British greats with Alvarez win H,sports
Salman Butt can make a successful comeback Geoff L,sports
Leicester stand to gain up to 250 million pound windf,sports
Ace Against Odds Sania Mirzas autobiography to hit stands this year,sports
Plastic shirt Messi fan flees Afghanistan over kidnap fear,sports
PCBs hunt continues as Law declines head coachs ,sports
Chris Gayle and Ahmed Shehzad friendly banter on social medi,sports
This could be my last fight in US if Trump becomes president says Amir K,sports
Pakistan beat India to retain Asia Kabaddi Cu,sports
Spinner Shamsi handed South Africa call up for Caribbean seri,sports
PCB appoints Mickey Arthur as Head C,sports
Khan pledges to give Alvarez a lesson in the ring,sports
Nadal hits out at doping accusers says rivals are totally ,sports
Abdul Qadir says aging Afridi no longer fit for top level cri,sports
Is tennis player Ana Ivanovic preg,sports
Binder wins French Moto3 grand prix,sports
Amir Khan knocked out by Alvarez in WBC middleweight fig,sports
Najam Sethi PSL Cricket Paki,sports
Pak India hockey UK visa issu,sports
Shaoib Akhtar Pakistan Cricket Mickey Arthur,sports
Top sports tribunal Platinis ban soccer four year,sports
Masters record as Djokovic sinks Murray in fi,sports
India day night test match Asi,sports
Bangladesh ban torture shame cricketer,sports
Manohar quits as India board chief,sports
National Ranking Tennis Championships commence from May 15,sports
Whistleblower nearly aborted efforts to expose Russian doping,sports
Australia toughens helmet standards after Hughes revi,sports
19 nations to compete in Womens World Team Squash Cshi,sports
West Indian cricket writercommentator Tony Cozier di,sports
Misbah Younis Khan fitness tests Pakistan Cri,sports
England womens captain Charlotte Edwards retir,sports
PCB Mohammad Amir UK visa Pakistan Cri,sports
FIFA unveil 2026 World Cup bidding pr,sports
Safer helmet would not have saved Phillip Hughes repor,sports
Uncapped Vince and Ball in England squad for Sri Lanka T,sports
Sharjeel Khan claims he received threat ,sports
Indias Manohar elected ICC chairman unopposed,sports
S Lankas Perera cleared to play after doping charges dropped,sports
Dravid Jayawardena join ICC Cricket Commi,sports
Women boxers punch through social taboos in Sud,sports
Lack of international games denting Pakistan cricket says Arthur,sports
Greipel roars to Giro win Dumoulin keeps pi,sports
West Indies South Africa Australia Tri cricket series Caribbean floodlig,sports
FIFA five star lifestyle Mexico City,sports
FIFA allows Indonesia back to global tab,sports
Day night tests can make the format more popular Gay,sports
ICC President discusses cricket with Punjab CM,sports
ICC opens talks with broadcasters to hold two extra World T20,sports
Arsenal win womens FA Cup final in front of record crowd,sports
Hat trick hero Suarez leads Barca to title glory,sports
Yasir expected to return from injury within five ,sports
Australia briefed Zika virus Windies tour,sports
Sri Lanka Prasad test England,sports
Djokovic suffers rare loss as Murray takes Rome ti,sports
Triple triumph for Root at Englands annual award,sports
athletes miss Rio Beijing re tests IOC,sports
T20 drama Ben Stokes better cricketer Stuart Broad,sports
Australias Maxwell returns home injured from IPL,sports
Cook eyes big milestone of 10 000 Test ru,sports
Pakistan cricket Green shirts train England seri,sports
No plan to become coach commentator in future Afridi,sports
AustraliaGeorge Bailey thanks helmet bouncer scare IPL,sports
Sharapova anti doping hearing Lond,sports
Man United ease past Bournemouth to seal fifth ,sports
Sri Lanka eyes sixth spot with series win against England,sports
Bright chances of international cricket in Pakistan CM Balochi,sports
Hales Bairstow rescue England with 88 run unbeaten stand,sports
Sri Lankas Shanaka debut triple stings England,sports
Mickey Arthur need arises Shahid Afridi may recalled,sports
English champions Leicester visit Thai kings ,sports
England host day night ,sports
Chinese magnate to buy English soccer team Aston Vi,sports
Canny Sevilla retain iron grip on Europa League trophy,sports
Sri Lanka skittled out for 91 in reply to Englands 298,sports
England strike against Sri Lanka after Bairstow century,sports
Bairstow hits century as England continue fightb,sports
Sri Lanka Pakistan will face England under a new for,sports
7 Eleven worker first woman climb Everest seven ti,sports
Russian athletes likely to have tested positive for doping at Beijing Olympics agency,sports
FIFA ethics investigation recommends two year ban Germany Niersb,sports
Kaka highest paid MLS player Lampard also in top 10,sports
India Mary Kom fails qualify Rio2016 Olympi,sports
Andy Murray Amelie Maur,sports
Brother Brussels suicide bomber Rio Olympi,sports
Dutch climber dies descent Everest summi,sports
Sharapova may not play again says Russias offici,sports
Fawad Shaan fittest players in PCB ,sports
English cricket board promises help for Amirs UK vi,sports
Sublime Lingard volley seals Man United FA Cup wi,sports
Indian board chief targets rankings transparency,sports
Anurag Thakur takes over BCCI president Indi,sports
First Pakistani female Minhal Sohail shooter Rio Olympi,sports
Woakes replaces injured Stokes England squad second test Sri L,sports
Rain delays start of day two at French O,sports
Australia captain Smith wary pink ball test Gabb,sports
Injury ends Azarenkas comeback in French Open first round,sports
Van Gaal sacked by United Mourinho poised to step i,sports
Sri Lanka Chameera England tour injury,sports
FIFA fires deputy secretary general Kattner,sports
Inzamam announces players for England tour skills ,sports
Zaheer Abbas wants Pak IPL urges revive bilateral cri,sports
Ronaldo remains Portugal tali,sports
Mourinho agrees terms with Man United Sky TV,sports
Englands Stokes undergoes knee operati,sports
Sharapova is included in Russian Olympic ,sports
Blooming partnership Anderson pleases Stuart Broad,sports
Exclusive Brazil investigating possible corruption at Olympic venu,sports
Australia embraces guided missile technology reclaim A,sports
Fit again Starc gunning West Indies South Afri,sports
Ronaldo fit and ready to fire Real to more European glory,sports
Nadal pulls out of French Open with wrist injury,sports
Untidy Cook misses 10000 mark Endland Sri L,sports
NZ announce Test series schedule against Paki,sports
Mourinho returns for more drama in the global villag,sports
NZealand plan first day night test against England in 2018,sports
England sense victory as Woakes and Broad stri,sports
Messi worries Argentina back injury,sports
Rashford nets place in record books as England wi,sports
Sunrisers clinch maiden IPL title in nail biting ,sports
Hingis and Mirza lose chance to complete Santina S,sports
Aggressive Muguruza downs Kuznetsova to reach Paris last eig,sports
Zidane lavishes praise on team player Ronald,sports
Real Madrid win Champions League in penalty shootou,sports
Messis pain eases recovery time unclear doctor,sports
Cook reaches milestone as England win to clinch seri,sports
Chandimal century Sri Lanka frustrate England,sports
Terry backs Mourinho to succeed at Manchester United,sports
Dont call Warney Australia prospect Z,sports
Djokovic left hanging as rain cuts short day 10 of French O,sports
Bayliss backs England Cook surpass Tendulkar run tally,sports
Only three Pakistanis ICC top 10 Ranking,sports
England Anderson becomes No 1 test bowler ICC ranking,sports
Sri Lanka paceman Eranga reported suspect acti,sports
Sweden miss rested Ibrahimovic in 0 0 draw with Sloveni,sports
Rashford signs long term contract with Man United,sports
Amir Khan wants represent Pakistan after Olympic ruling,sports
Pakistan face India 2017 Champions Trophy,sports
Serena swats Roland Garros quarter,sports
Mohammad Hafeez MRI report satisfactorycricket Paki,sports
Sri Lanka Kulasekara quits tests focus ODIs T20,sports
Ronaldo leads Portugal squad for Euro 2016,sports
Azhar Ali backs Mohammad Amir England retur,sports
Mourinho plays down new rivalry with Guardi,sports
Lionel Messi misses first day of tax fraud tri,sports
Opener Shan Masood ready for England challeng,sports
Manchester City sign midfielder Guendogan from Dortmund,sports
Lionel Messi testifies in tax fraud tri,sports
Bangladesh wary Mustafizur Rahman suffering burnou,sports
Djokovic enters 100 million dollar club Serena plays catch u,sports
ICC admits tweaking draws put Pakistan India same grou,sports
ICC chief backs Amir to tour England,sports
Nadal pulls out of Queens due to wrist injury,sports
Paes Hingis beat Mirza Dodig to win mixed doubles ti,sports
South Africa bat against Windies in tri series opener,sports
Rashid Latif offers coaching services for SSU ,sports
Djokovic storms into fourth French Open fi,sports
Pakistans sultan of swing Wasim says life exemplary at 50,sports
Serena reaches French Open fi,sports
Muguruza downs Stosur in Paris to reach second major fi,sports
ICC calls clampdown bat siz,sports
ICC dope tests Yasir Misbah Azhar and Junaid Pakistan cri,sports
Barca confident Neymar will commit to long term d,sports
ICC panel concerns home advantage tests Indi,sports
Heather Knight leads England womens team challenge Paki,sports
Giggs to leave United to pursue management job repor,sports
Wasim Akram celebrates 50th birthday cricket Paki,sports
Djokovic Serena face overtime as Paris finals b,sports
Imran Tahir South Afica Ramazan cri,sports
Boxing legend Ali in hospital with respiratory prob,sports
Muguruza overpowers Serena to win French Open ti,sports
Serena vows to keep chasing Steffi record,sports
Amir Khan says Muhammad Ali inspired his charity wor,sports
He will never die World mourns Muhammad Ali,sports
Pakistan 17 member squad England tour,sports
Indian businesswoman Nita Ambani nominated IOC,sports
Indias Mary Kom tearfully recalls inspiration Muhammad Ali,sports
Boxing legend Muhammad Ali dies US,sports
Narine sinks Proteas in West Indies r,sports
Boxing legend Alis condition very grav,sports
Messi arrives in California for C,sports
Djokovic joins greats with maiden French Open ti,sports
PCB announces Test squad for England seri,sports
Lee gets Olympic boost with Indonesia wi,sports
Proud British fighter Amir Khan wants success for Pakistan ,sports
Muhammad Ali public funeral set for Louisville on Friday,sports
Former Ali promoter Bob Arum recalls boxers impact on society,sports
Muhammad Ali the greatest remembered boxer transcended spor,sports
Two late goals give Mexico 3 1 win over Uruguay,sports
Indias Pocket Hercules dies at 104,sports
Aqib Javed refuses head Bangladesh bowling consu,sports
Amir Khan inaugurates boxing academy in Islamabad,sports
Andy Murray tastes bittersweet loss in unexpected French Open fi,sports
Amir is the future of Pakistani cricket Wasim Akr,sports
Warner half century as Australia thrash Windi,sports
American Muslims remember Ali as hero for their fai,sports
Messi could miss potential group decider against Chi,sports
Dhoni says future as captain rests with BCCI,sports
Amirs visa approved for England tour,sports
Mohammad Amir UK visa PCB Pakistan Cri,sports
Gold would sweet factory girl Ratchanok Thailand,sports
Football Spain prosecutors seek Neymar corruption tri,sports
Ibrahimovic says can boost dismal popularity of Frances Holland,sports
Salli thunderbolt takes Cameroon to Africa Cu,sports
Records tumble in English county one day g,sports
MMA Fighter Kimbo Slice passes away at 42,sports
Tearful Di Maria inspires Argentina at C,sports
Serena passes suspended Sharapova as top woman earner,sports
Broad has no problems playing against Mohammad Amir,sports
Mourinho begins Man Utd rebuilding with signing of Bailly,sports
Sharapova banned for 2 years by ITF,sports
England reach for the whitewash against Sri L,sports
Pakistans Diana hunts for glory in cricket and footb,sports
South Africa agree play day night test Australi,sports
Sri Lankas Perera eyes Lords return doping ,sports
Colombia into last eight US bounce back at Copa Ameri,sports
S Africa back in business after ODI win over Australi,sports
Nadal out of Wimbledon with wrist injury,sports
Ronaldo and Co to launch Euro 2016 in jittery Fr,sports
BCCI unveils six test cricket venues home season Indi,sports
Arthur arrives real plan lift Pakistan cri,sports
Ronaldo Messi surpass Tiger Mayweather worlds highest paid ,sports
Rooney rules out future move to new Premier League club,sports
Australia players union upgrade pink ball Test conditi,sports
Alis legend floats like a butterfly through a hometown festiv,sports
All tickets for Ali memorial service handed ou,sports
SAfrica call up Elgar to replace injured Rossou,sports
Muhammad Ali funeral procession begi,sports
Euro 2016 kicks off in France despite strikes and terror thr,sports
PCB clips Mohammad Amirs wings England tour Pakistan cri,sports
New Zealand pick Indian born opener for Africa tour,sports
British soccer fans and locals clash in Marseille as Euro 2016 ,sports
Stepanek stuns Marin Cilic in Stuttgar,sports
Federer survives Fritz challenge in Stuttgar,sports
Zheng upsets home favourite K,sports
Arthur Mohammad Amir flourish Pakistan England,sports
Uruguay tumble out as Mexico Venezuela reach quarter,sports
Venezuela stun Uruguay to reach Copa quarter,sports
Bairstow defies Sri Lanka with another hundred,sports
Euro 2016 Clashes in Marseille ahead of England Russia ,sports
Euro 2016 Switzerland beat Albania 1 0,sports
Woakes stars as Sri Lanka ,sports
Junaid Khan selection England tour Rameez Raj,sports
Shearer and Cook head Queens sporting honour,sports
India opt to bowl against Zimbabwe with three debu,sports
Chile scrape Copa win after penalty shocker,sports
Sri Lanka hit back after Bairstow steers England to 416,sports
Ex Windies Rose NZealand unsafe for black cricketer,sports
Magical Messi grabs hat trick as Argentina romp into quarter,sports
Best quotes from Ali memorial servi,sports
Euro 2016 France beat Romania 2 1 in opening ,sports
The Greatest cheered in Louisville as world says goodby,sports
Croatia gain some revenge on Turkey with Modric magi,sports
UEFA says could disqualify England Russia from Euro 2016 if more vi,sports
Cook has fitness test as rain delays England Sri Lanka 3rd T,sports
Former England captain Carr dead at 89,sports
Indias Nehwal Clinches Australian Open Badminton Ti,sports
Pradeep treble rocks England in third T,sports
Warner ton helps Australia beat South Africa by 36 ru,sports
England and Russia draw 1 1 at Euro 2016,sports
Mahut claims third s Hertogenbosch ti,sports
Spain counting on fresh faces for World Cup redempti,sports
Zimbabwe crumble to 126 after Sibanda fifty,sports
Hamilton back in the hunt as F1 heads to Baku,sports
ANALYSIS Germany defence must get better despite opening win in Euro 2016,sports
Who coach Indian team dozens applicati,sports
Mohammad Amir receives UKs traveling document Pakistan Cri,sports
Angry Sri Lanka complain against England Hales repriev,sports
Australia batsman Warner has fractured finger,sports
Stand in Mustafi helps Germany to nervy win over Ukrai,sports
Flag protest fires up Sri Lanka in Lords no ball r,sports
Contentious Peru goal knocks Brazil out of C,sports
Turkeys Tufan mocked over ill timed male grooming,sports
Dutchman Ronald Koeman named as Evertons new manager,sports
France wants to deport almost 50 Russian soccer fans supporters grou,sports
India still keen to host day night test against New Zeeland,sports
Corona stunner earns Mexico draw top spot in Copa grou,sports
Anil Kumble applies India coaching job repor,sports
Cook ready for Pakistan after Sri Lanka su,sports
England call up uncapped trio for Sri Lanka T20,sports
Ireland can build on draw after Sweden disappoi,sports
Samuels sparks West Indies over Australi,sports
Rain has final say as England and Sri Lanka draw third T,sports
Euro 2016 Giaccherini and Pelle strikes earn Italy win over Belgiu,sports
Barcelona to pay 62 mn fine over Neymar transfer,sports
Moscow summons French ambassador over anti Russian Euro 2016,sports
Ronaldo is no Messi counters Icelands Ar,sports
India crush Zimbabwe 10 wickets series whi,sports
Zimbabwe win toss bat against India in 3rd ODI,sports
Hungary earn shock 2 0 win over 10 man Austri,sports
Argentina outclass Bolivia to reach last eig,sports
Chiles Sanchez Vargas shine in 4 2 win over P,sports
Euro debutants Iceland hold Portugal to shock dr,sports
Sharapova appeals against two year doping b,sports
Cameron hopes for England tour to Pakistan in near futur,sports
Guinness Book accepts Pakistan Bodlas record knuckle pushu,sports
Richard Hadlee against rushing day night ,sports
India shortlist candidates head coach r,sports
France beat Albania to reach last 16 at Euro 2016,sports
Pakistan tell Amir to ignore crowd taunts in England,sports
Croatia and Czech Republic draw 2 2 in flare disrupted Euro 2016 ,sports
Pakistani cricketers to don Edhi Foundation logo on jersey,sports
Amir cant put a foot wrong warns Intikhab A,sports
Ramazan time Euro 2016 fever sweeps Arab world,sports
Pink ball makes India debut as day night clamour gr,sports
Pakistan cricket team fly England Saturday,sports
Brazils soccer woes stem from my absence P,sports
Younis Khan English attack Lords retur,sports
Misbah England series tests Pakistan cri,sports
US reach Copa America semis with 2 1 win over Ecuador,sports
Indian cricketer Ravindra Jadeja probe lion selfi,sports
US into Copa last four after Dempsey stri,sports
England football fans party in Lille after winning Battle of Britai,sports
Stubborn Poland hold uninspired Germany to goalless dr,sports
N Ireland enjoy Euro 2016 win over Ukrai,sports
Sri Lanka beat Ireland in 1st ODI,sports
Zimbabwe stun India by 2 runs in T20 thriller,sports
Belgium beat Republic of Ireland 3 0 at Euro 2016,sports
India win toss elect to bowl against Zimbab,sports
Ireland bowl against Sri Lanka in 2nd ODI,sports
Colombia defeat Peru to reach to Copa semi,sports
Hartley Wilson in England Womens squad for Pakistan ODI,sports
Pakistan cricket team leaves for England,sports
Mohammad Amir feeling lucky comeback test cricket Paki,sports
Rio declares financial emergency requests funding for Olympi,sports
Late Eder goal sends Italy through to last 16,sports
Ronaldo gets support from coach to continue taking penalti,sports
Misfiring Ronaldo leaves Portugal in dangerous ,sports
Hend secures victory in Queens Cu,sports
Mathews tells Sri Lanka to up their game against England,sports
Vargas scores four as Chile thrash Mexico 7 0,sports
Messi record as Argentina thrash Venezu,sports
Lowry out to enjoy US Open title bid,sports
Perera ton sets up SLanka series win over Ireland,sports
India level T20 series against Zimbabwe with 10 wicket wi,sports
India Mohammad Shami pink ball conditions day night ,sports
Dustin Johnson wins first major golf title amid rules controversy,sports
Sri Lanka paceman Eranga banned illegal acti,sports
Albania beat Romania in Euro Cup ,sports
Pogba comes closest as Swiss hold France at br,sports
Germany Poland Croatia Hungary and Slovakia into Euro 2016 knockout round,sports
Gomez guides Germany into Euro 2016 knockou,sports
Pakistan put into bat by England in womens ODI,sports
Mohammad Asif plots Test comeback Norway,sports
Morgan Englands winning momentum Sri L,sports
England advance Slovakia wait after goalless ,sports
Air of disbelief as Wales win Group B at Euro 2016,sports
Sharapova lawyer blasts WADA chief over income ,sports
Jadhav leads India to T20 series win over Zimbab,sports
Hungary and Portugal through after thrilling 3 3 dr,sports
Furious Ronaldo throws reporters microphone in ,sports
Barcelona expect Neymar to stay at Nou C,sports
Indias Nehwal senses golden Rio opportunity,sports
Mohammad Amir little brother Wahab Riaz Pakistan Cri,sports
Goal machine Messi leads Argentina Copa fi,sports
Plunkett last ball six England tie Sri L,sports
Pak women give up first ODI after Knight shines on debut as captai,sports
Turkey beat Czechs to stay in last 16 contenti,sports
Croatia beat Spain to top Group D N Ireland adv,sports
Anil Kumble appointed India head coach BCCI,sports
Vardy signs new contract with Leicester,sports
PCB Haroon Rasheed Director Cricket Operations Paki,sports
India Mary Kom wont quit heartbreaking Rio KO,sports
Sad end for Ibrahimovic as Belgium adv,sports
Chile beat Colombia 2 0 to set up final against Argenti,sports
England can win Euro 2016 says captain Rooney,sports
PJF likely to send Shah Hussain to Iran Spain for training,sports
Sri Lankas Mathews doubtful for 2nd ODI,sports
Anil Kumble focused making India better touri,sports
Preview Portugal braced for series of finals says S,sports
Mickey Arthur wants Pakistan to focus on fitness and fielding,sports
Insatiable Djokovic hunting fourth Wimbledon cr,sports
Rooney no longer lonely at the top with England,sports
Euro 2016 last 16 Poland beat Switzerland on penalti,sports
Anderson a doubt for Pakistan Test seri,sports
Motorcycling Dovizioso tops practice times in A,sports
Messi primed to end Argentina drought Copa fi,sports
Hales and Roy power England to record breaking ten wicket wi,sports
West Indies topple South Africa in Tri nation seri,sports
Ton up Bravo Pollard rescue Windi,sports
Djokovic focused on Wimbledon defence but sees bigger pictur,sports
Griezmann double sends France into Euro 2016 last eig,sports
England bowl against Sri Lanka in 3rd ODI,sports
Thurman edges Porter to retain WBA ti,sports
Colombia down US to grab Copa third ,sports
Quaresma heads Portugal into last 8 of Euro 2016,sports
Wales reach last eight as own goal downs Northern Ireland,sports
Italy dump Spain out of Euro 2016,sports
Profile of Lionel Messi,sports
Man arrested for attempt to douse Olympic tor,sports
Mohammad Amir best bowler world Misb,sports
England women bat against Pak women in final ODI,sports
Mohammad Amir first Test Lords England Intikhab A,sports
Australia need work Captain Smi,sports
England restrict subdued Sri Lanka before washou,sports
Australia beat West Indies to claim tri nation seri,sports
Messi says he has retired from internati,sports
Draxler dazzles as Germany cruise into last eig,sports
Chile clinch Copa America title in shootou,sports
Belgium hit four past Hungary at Euro 2016,sports
Moment of truth for Messi as Copa final near,sports
World No1 golfer Day withdraws over Zika fear,sports
Club mentality is secret to Italy success says ,sports
New Zealand begin India tour Kanpur ,sports
Messi fails to match Maradona success in Argentina shir,sports
Fit again Federer gets into his strid,sports
Pakistan coach Arthur undaunted Australia ax,sports
British media call Iceland loss worst in English history,sports
Argentine president asks Messi not to qui,sports
Maradona urges Messi to stay with Argenti,sports
Beaumont ton sees England women thrash Paki,sports
Iceland stun England in one of greatest ever ,sports
Portugal threat bigger than Ronaldo says N,sports
Indias coach Anil Kumble expects worth one year,sports
Yachting Volvo Ocean Race reveals longest rou,sports
India New look Saina Nehwal primed Rio success Padu,sports
Broken mirrors X ray plates Olympic gold not what it ,sports
Virat Kohli spills the beans about becoming the b,sports
Preview Ronaldo poses biggest threat yet to Polish rearguard,sports
Pakistan retain seventh position in ICC womens championshi,sports
Pakistan to play first practice match against Somerset on July 3,sports
Waqar Younis missing wife romantic place Veni,sports
Portugals Silva hails team man Ronald,sports
Pakistan will benefit from Mickey Arthurs coaching Amir,sports
Shastri Ganguly India coaching snub,sports
American swimmer Phelps doing it his way on Road to Ri,sports
Jason Roy stunning knock powers England victory,sports
Federer plays cameo role to end Willis fairy,sports
Poland Portugal face UEFA disciplinary prob,sports
Formula One Rosberg on top after opening free practi,sports
Pak India cricket very important says Salahuddi,sports
Regal Murray hurries into round three of Wimbled,sports
Zlatan Ibrahimovic to join Manchester United,sports
Lehmann ICC intervention prevent player burnou,sports
Despair at plans for split from Test crickets newest nati,sports
Golf Canadian teen star Henderson grabs LPGA lead,sports
Kid trouble for coach Santos as Portugal progr,sports
Euro 2016 quarter final Portugal beat Poland 5 3 on penalti,sports
Ronaldo swerves Euro pitch invader,sports
England win 5th ODI against Sri L,sports
Pakistan hopes to stage final of 2nd edition of PSL at ,sports
Formula One Vettel fastest after Rosberg cr,sports
Aussie Cate Campbell breaks 100m free world record,sports
Sri Lanka bowl against England in final ODI,sports
Amla Bravo world record fifth wicket T20 stand,sports
Sprinters to shine at start of climbers Tour,sports
Robson Kanu fires Wales to historic semi fi,sports
Djokovic facing Wimbledon humiliation Serena Venus surviv,sports
Football Umtiti debuts for France Iceland unchanged,sports
Germany win epic shootout to end Italy jinx,sports
Golf Pigem wins first professional ti,sports
Pakistan bat against Somerset in England tour opener,sports
ICC wants womens cricket at 2022 Commonwealth G,sports
Virat Kohlis aggression not curb Anil Kumb,sports
Mohammad Amir strikes on England retur,sports
Germanys Khedira out of Euro 2016 semi final v Fr,sports
We did not use our brains says Iceland ,sports
Beaumont Winfield whirlwinds flatten Pakistan W,sports
England captain expects rough ride Mohammad Amir,sports
Bangladesh hopeful England visit despite Dhaka ,sports
France eye Germany after ending Icelands dr,sports
Younis eyes century as Amir wai,sports
France hammer Iceland to book Germany showd,sports
Pakistans Shah takes four wickets as Somerset hold ou,sports
Ali century builds on Amir haul in Pakistan opener,sports
Serena powers into quarters as roof break turns ,sports
Shoaib Akhtar laughs off Harbhajan Singh bashing clai,sports
Barcelona buy back midfielder Suarez from Villarr,sports
Inzamam blasts Cook comments Mohammad Amir,sports
England skipper Morgan Bangladesh tour concer,sports
World champ Meares spearheads Aussie cycling ,sports
Ronaldo Bale take different approaches to leadership r,sports
Trescothick issues Amir warning,sports
Pistorius defence team say will not appeal six year ,sports
Barcelona soccer star Messi sentenced to 21 months in pri,sports
Australia board slaps bans on three players for betting,sports
Germany forced to make key changes for semi fi,sports
England beat Sri Lanka by eight wickets in T20 internati,sports
Party atmosphere as France Germany clash in semi fi,sports
Atherton insists Amir has served his ti,sports
Englands Anderson out first Pakistan T,sports
Marion Bartoli scared losing lif,sports
Mongolian girl contortionists stretch international su,sports
Somerset Coach sees Andy Roberts Mohammad Amir,sports
Paceman Hazlewood echoes Ponting concerns over bat siz,sports
Federer pulls off great escape to reach Wimbledon semi,sports
Ronaldo delivers as Portugal end dream Wales ru,sports
Raonic upsets Federer in five sets to reach first slam fi,sports
Griezmann and Ronaldo clash in final for second time in six ,sports
Czech veteran Cech announces international retir,sports
Swimming S Korea to include Park for Rio Olympi,sports
Pakistan bat against Sussex in warm up ,sports
Beaumont and Winfield secure clean ,sports
People wrong perception Shoaib Akthar cricket Pakistan Geo N,sports
US sports stars call for end to gun vi,sports
Grocery shopping Ballance surprised England call u,sports
Griezmann double sends France into Euro 2016 fi,sports
Serena beats Kerber in Wimbledon final to match Grafs record,sports
Pakistan team black arm bands mourning Edhis d,sports
South Africas Philander continues route back freak injury,sports
Rollins stuns in 100m hurd,sports
Merritt blazes into 200m fi,sports
In form Ali boosts Paki,sports
Englands Buttler suffers thumb fractur,sports
Sussex give tough time to Pakistani,sports
France Portugal head for Euro 2016 final showd,sports
Painful lesson of 2004 can be inspiration for Portug,sports
Bullfighter and runner die two others gored in Spanish bull festiv,sports
Barcelona launch campaign backing sentenced Messi,sports
Portugal unleashes national celebrations for Euro her,sports
Pakistan potential beat England Waqar Youni,sports
Sharapova out of Rio CAS delays doping decisi,sports
Bangladesh rule out neutral venue England seri,sports
Amir s career set to come full cir,sports
Serena worries for nephews after US shooting,sports
Dalilah Muhammad storms to 400m hurdles wi,sports
Portugal beat France to win Euro 2016,sports
Clashes outside Eiffel Tower fan zone during Euro fi,sports
Moths invade Stade de France before Euro fi,sports
Portugals Ronaldo stretchered out of Euro 2016 fi,sports
Dream comes true as Matthews completes Grand Tour ,sports
Holder captained West Indies without Ramdin Taylor,sports
Siddikur creates Olympic history for Banglad,sports
Anderson England squad Lords test Broad,sports
Starc 300 test wickets if fit L,sports
Ramdin dropped from Windies squad for India seri,sports
US Open boosts prize money to record 463 milli,sports
Misbah set to finally realise Lords dr,sports
Pakistan cricket team announced for first T,sports
Mourinho hopes United players will forge close bond in Chi,sports
Mohammad Amir all set returnTest cri,sports
Afridi questions presence of cricketing talent in Paki,sports
Time to move on and forget about spot fixing saga Salman Bu,sports
Englands Root dismisses Wahab Riaz trash ,sports
Tendulkar calls for more help from pitches for bowler,sports
Ban match fixers for life says Pieter,sports
Wahab Riaz insists no one ruder than a Pakistani,sports
Boxing Manny Pacquiao plans to fight again this year,sports
Pakistan lunch 76 2 against England,sports
Wales overtake England in FIFA world ranking,sports
Ashwin ready to bore and succeed against Windi,sports
Pakistan bat against England as Amir retur,sports
Murray to miss Britains Davis Cup quarter fi,sports
Murali heads to rival Australia camp to plot against Sri L,sports
Yasir runs through England as Amir strikes at ,sports
Amir snares Cook for first wicket of Test retur,sports
Cook dropped twice as England reach 153 4 at ,sports
England to begin Test series in India at new venue Raj,sports
Mohammad Amir denied England domi,sports
England dismiss Pakistan for 339 in first inning,sports
Englands Jake Ball eager prove critics wrong,sports
Promised army guys 10 push ups century Misb,sports
Pakistan buys bulletproof buses woo back visiting ,sports
Pakistan sport hits low point with qualifying deb,sports
Old Man Misbah leads from front with Lords ,sports
Yasir stars with bat despite Woakes heroi,sports
Misbah out for nought as England fight b,sports
Yasir Shah in elite Lords company,sports
Yasir Shah leaves England in a spi,sports
Yasir Shah six gives Pakistan 67 run lead England,sports
Messi still the best despite international failures Ronaldi,sports
Pakistani boxer Waseem wins WBC Silver flyweight ti,sports
Cricket Pakistan beat England by 75 runs at Lord,sports
Anderson Stokes and Rashid called up for second Pakistan T,sports
Shaharyar Khan salutes restorative Pakistan triu,sports
Indias top court bars ministers bureaucrats BCCI,sports
Mourinho urges patience with new signing Bailly,sports
Yasir Shah crowned worlds no1 Test bowler,sports
Amir makes impact at Lords for the right r,sports
Saudi Arabia to send four women to Ri,sports
Yasir Shah joins Lords spin gr,sports
Misbah says Amir set for new lif,sports
Pakistan celebrate Test win with press ups military salu,sports
South African Elworthy appointed head World Cup organiser,sports
IOC vows toughest sanctions after report finds Moscow ran broad doping ,sports
Pakistan former bowler Saqlain to work with England spinner,sports
India Olympic star Shahid dies aged 56,sports
Yasir Shah best leg spinner since Warne S,sports
Barcelona pair Munir and Samper sign new d,sports
Cook vows to use Pakistans enthusiastic celebration as motivati,sports
India Windies contrasting challenges test seri,sports
Federer Nadal pull out of Toronto ev,sports
England Coach hints two spinners Pakistan Old Trafford,sports
Brazil probes Olympics threats after group backs Islamic S,sports
Cremer named Zimbabwe captain test retur,sports
England axe Finn and Ball 2nd Test squad,sports
Australias Starc can pass 300 wickets McDer,sports
Venus Williams pulls out three set win Stanford,sports
Ashwin century follows Kohli doub,sports
Russia facing Rio Paralympic b,sports
Cook Root tons help England reach 314 4 against Paki,sports
Kohlis first double takes India past 400 against Windi,sports
Kohli puts India in charge with 12th Test century,sports
Cook century lifts England to 210 2 at ,sports
Cook and Root keep Pakistan at bay after Amir stri,sports
Amir strikes after England elect to bat first in 2nd T,sports
Mata must earn his first team place at United Mouri,sports
Pakistan take on England today at Old Trafford,sports
Brazil arrests 10 for amateur terror plot against Olympi,sports
Centurion Kohli makes big noise in North Sound,sports
Ruthless England turn the screw on Paki,sports
England declare at 589 8 against Paki,sports
Root makes hay as England pile on the agony,sports
Root Woakes turn screw Paki,sports
Kohli double ton Ashwin century put India in charg,sports
Ronaldo opens own CR7 hotel gives name to airpor,sports
Pogba is not worth world record fee says S,sports
Monfils to face Karlovic in Washington fi,sports
India push wilting Windies to verge of heavy def,sports
Farah displays Olympic credentials with London victory,sports
England rout Pakistan by massive 330 runs to level Test seri,sports
Pakistan 161 5 at tea as England move closer to wi,sports
Steve Smith receives ICC Test Championship mace in Kandy,sports
Pakistan reeling at 47 2 as England eye series leveling wi,sports
Australia pick spin twins for Sri Lanka opener,sports
Rejuvenated Djokovic happy to be back on hard cour,sports
Pakistan set 565 win 2nd Test against England,sports
Liverpools Origi ready to fight for first team ,sports
Sri Lanka files complaint Muralithar,sports
Virat Kohli targets period test dominati,sports
Zimbabwe lose strike bowler Chatara test seri,sports
India wrestler Yadav says foul play behind failed dope ,sports
Serena Williams withdraws from Rogers Cu,sports
India beat West Indies by innings and 92 runs in first T,sports
India Ashwin regains number one spot test ranking,sports
Last session of Australia Sri Lanka Test washed ou,sports
Indian shot putter Inderjeet Singh fails doping ,sports
Usman Khawaja Steve Smith steer Aussies 66 2 tea ti,sports
Australia skittle out Sri Lanka just 117,sports
Saqlain set for second stint as England spin guru,sports
New Zealand usher in new era against Zimbab,sports
Stokes out of third Test against Paki,sports
Rain abandon play early as Aussies take command over Sri L,sports
Rodriguez staying at Real Pogba still a target Zid,sports
Sri Lanka lose Perera Australia grab handy lead,sports
Rangana Herath spins Sri Lanka out of troub,sports
Jonny be good motto in form Bair,sports
Federer to miss Olympics and rest of season with knee prob,sports
Caribbean Premier League eyes US ahead of T20 g,sports
England prepare for Stokes setb,sports
Ireland trio set Pakistan retur,sports
Australias Lyon enters 200 wicket club T,sports
Magnificent Mendis revives Sri Lanka with maiden ,sports
Manager Klopp sent Sakho back for lack of r,sports
Djokovic survives test to reach third round in Tor,sports
Latham Williamson keep Kiwis dominant in Zimbabwe T,sports
Latham Williamson help Kiwis build lead,sports
Sri Lanka have edge as rain halts Aussie ,sports
Germanys Schweinsteiger retires from international footb,sports
Sri Lanka set Australia Test target 268,sports
Sri Lanka 314 7 lunch rain hit Aussie T,sports
Djokovic stands between Murray and second gold,sports
Windies add teenage paceman Joseph test squad,sports
India put Windies under pressure despite Blackwood,sports
Boult strikes hurt Zimbabwe after New Zealand build massive lead,sports
Taylor helps New Zealand build massive lead,sports
Sri Lanka stun top ranked Australia by 106 ru,sports
DayNight Test in England moves closer with tri,sports
Premier League transfer fees poised to break record,sports
Djokovic continues Monfils mastery Nishikori wi,sports
New Zealand thrash Zimbabwe to win first T,sports
Shandur Polo Festival conclud,sports
Frampton stops Santa Cruz to win WBA featherweight ti,sports
Battling Zimbabwe hold New Zealand at bay,sports
Ashwin destroys Windies once mor,sports
Olympics 80 years after Owens stole Hitlers Berlin ,sports
Holder makes breakthrough but India in contr,sports
Wenger wants midfielder strong as an Ox for new campaig,sports
PCB hopes Hafeez clears bowling action before ODI seri,sports
Zidane insists Morata is staying at Real Madrid,sports
Lehmann extends contract Australia coach 2019,sports
Novak Djokovic beats Kei Nishikori in Rogers Cup fi,sports
Rahul gives India a lead in Jamai,sports
Windies top order collapses as India hunt victory,sports
Arthur Misbah determined to instill team culture in squad,sports
Pakistan hopes to replicate Lords performance at Edgb,sports
Rain halts play after Ishant stri,sports
IOC chief urges total review of world anti doping sy,sports
Saudi appoints princess to oversee womens spor,sports
England recall Finn third Pakistan T,sports
Pakistan reworking plans Cook Root Arthur,sports
Anderson keen forge despite drop ,sports
Nadal remains doubtful over Rio participati,sports
India declare with 304 run lead over West Indi,sports
Four Saudi women to compete in Ri,sports
Shah Hussain Shah aims to repeat fathers feat at Rio Olympi,sports
Rain halts Indias progress in Jamai,sports
Windies dig deep against Indi,sports
Pakistan dismiss England for 297 on 1st day of 3rd T,sports
Ailing Hanif receives Rs 1 million from PCB,sports
Olympic torch parades through Rio ahead of G,sports
Sohail stars for Pakistan against England,sports
Sohail strikes as Pakistan knock over England pillar,sports
Pakistan win toss ask England bat third ,sports
Fight till the last ball Imran advises national cricket ,sports
Pele asked to light Rio pyre checks with sponsor,sports
Nadal to play singles doubles and mixed in Ri,sports
Azhar ton gives Pakistan control of third ,sports
Pak batsmen will have to show patience Saqlai,sports
Pakistan dig in after early Hafeez b,sports
Pacquiao to make ring return against Vargas repor,sports
FIFA ban has taken a physical toll Blatter,sports
Military training helps Pakistani shooters reach Ri,sports
Australias Starc bags 100 Test wi,sports
Stokes miss fourth Pakistan test calf injury,sports
Swedens women claim first win in Olympic football tour,sports
England fight back to leave Test on a knife edg,sports
South Korean archer sets first Rio record,sports
Pakistan 400 all out take 103 run lead against England,sports
Australia set 413 to win against Sri L,sports
Misbah guides Pakistan into lead over England,sports
Games light up Rio de Janeiro as Olympic fever hi,sports
Pakistan flag hoisted Rio Olympics villag,sports
Sri Lankas Herath bags Aussie hat tri,sports
Muhammad Ali not that one set for Rio boxing acti,sports
Murray came close to poking out princesss ey,sports
Britains Peaty breaks 100m breaststroke world record,sports
England take 311 run lead against Pakistan at 4th day ,sports
Easy win for first boxing pro in Games history,sports
Latham ton helps Black Caps dominate Zimbab,sports
Yasir Shah strikes as England lose R,sports
Zimbabweans against government and cricket match against New Zealand,sports
New Zealand dominate Zimbabwe on 1st day of 2nd T,sports
Root holds firm Pakistans double stri,sports
Englands Hales refunds unhappy f,sports
Sri Lanka beat Australia 229 runs clinch seri,sports
Away success key for Pakistan coach Arthur,sports
With Russia weakened who will stop USA,sports
From Syria to the Olympics Refugee girl tells how she swam to save 19 liv,sports
Rios glittering opening launches Olympi,sports
Business leaders discuss reinvention challeng,business
Pakistan Stock Exchange says Shanghai bourse interested in buying ,business
Pakistan Railways launches E ticketing sy,business
Pakistan inflation rises 388 pct September statistics bureau,business
IMF warns of protectionist threat to global gr,business
Pound slumps to 31 year low versus dollar,business
Pakistan require lower sulphur diesel fuel starting 2017,business
Oil prices fall surging Iran sales looming OPEC deal offers suppor,business
PM for enhancing bilateral trade with Belarus upto 1 bln in 4 year,business
Oil hits highest since June on possible US inventory dr,business
Oil prices ease June highs weaker physical mar,business
SBP injects Rs 1120150 b,business
PM says CPEC to bring economic revolution in Paki,business
Indian cotton exports Pakistan slump tensions trader,business
Putin says Russia ready to join OPEC oil output curb,business
Contract theory earns pair Nobel Economics Priz,business
Afghan authorities impose cargo charges Pakistani goods tru,business
World Banks top economist tipped for Nob,business
Asian shares mixed oil jumps on output curb expectati,business
External sharia audits gain traction in Islamic finance study find,business
Oil edges up on record Indian imports hopes of producer cu,business
US banks planning exodus from Brexit Britain French minister,business
US Consul General Grace participated PSE gong ceremony,business
Bangladesh China firms ink multi bln d,business
Modi Putin set sign energy deals ahead BRICS,business
PIA crew being groomed to have a new ,business
340MW nuclear power plant starts operati,business
PIA aims to lease 8 planes in turnaround driv,business
Power tariff increased for Karachi under FCA,business
Myanmar giant jade stone too big mov,business
Hong Kong stocks rise at ,business
Crazy hike in Saudi visa fees could impact business ti,business
SBP issue Rs10 regular coin Monday,business
SBP issues Rs10 regular coi,business
IMF felicitates Pakistan completing economic reforms packag,business
India cotton exports slump Pakistan trims pur,business
Gold steady dollar dip higher physical demand,business
Post sanction Iran makes play Asian inv,business
Toyota recall 58 million cars Japan China Europe Takata airbag,business
Doing Business report Pakistan among 10 most improved countri,business
Oil rises above 50 on OPEC cut ,business
NBP maintains profit growth profit up by 11,business
Shares fall as investors wary of political tensi,business
US markets not fully buying Hillary wi,business
OPEC officials fail agree curb oil suppli,business
US auto sales fall in October,business
Oil prices rise one month lows OPEC approves strategy,business
NY Times sees digital gains but profit evapor,business
Pakistan shippers fume as containers hijacked to block pr,business
Hillary Clinton Wall Street favorite enemy,business
IMF MD writes letter to PM congratulates on completion of economic reform progr,business
Chinese companies intent to bring 3 bn investment to Paki,business
Gold slips firm dollar US election concerns lifting demand,business
Kuwait launches foreign bond sale finance defici,business
Dollar jumps Clinton gets eleventh hour election b,business
Tea imports up 108 first quarter,business
Clinton far ahead of Trump on betting exchanges and online mar,business
US stocks dip as election day voting kicks off,business
Dollar steady ahead of US presidential electi,business
Trump win not good day world economy ECB Nowotny,business
Trumps surprise wins rattle world mar,business
US stocks surge as voters head to ,business
Pakistan imports 605333 tones palm oil Malaysi,business
Oil dips on rising crude inventories after Trumps shock victory,business
US companies react cautiously to Trump victory,business
US stocks lower as Trump enthusiasm ,business
World Bank praises Pak progress restoring macroeconomic stability,business
Oil prices fall on persistent fuel supply overhang,business
PM to inaugurate Gwadar port on Sunday,business
Pakistan to promote best global corporate practices Dar,business
Cash bet could make break Modi,business
Sindh CM discusses CPEC projects with Chinese envoy,business
No proposal to demonetize Rs 5000 currency notes Dar,business
Oil wars how Kremlin 13 billion Indian deal fell apar,business
Asia shares win reprieve as bond rout pauses for ,business
Chinese makers lead smartphone growth survey,business
Foodpanda Yayvo come together for the most prodigious Black Friday sale ever,business
Iran overtakes Saudi Arabia top oil supplier Indi,business
Stalled luxury hotel apartment projects Afghan capital lost 85 milli,business
New law moved replace Companies Ordi,business
Xi pushes China backed trade deals to fill US void,business
Rs 1492 bln transacted through Mobile Banking one year,business
Asian shares on the defensive as US yields dollar ri,business
Expanding wings PIA weighs Boeing Airbus aircraft order,business
Panama needs new anti corruption laws combat tax dodger,business
Tokyo stocks open flat after quake tsunami,business
China defends Asia Pacific trade after Trump thr,business
Most loans written off in Musharrafs er,business
Oil prices edge up on anticipation of OPEC led production cu,business
New LNG buyer Pakistan sees strong interest in giant tender,business
Pakistans first DTH licences auctioned for Rs 1469 billi,business
China to make extra 85 bn investments in Pakistan rail energy,business
State Bank maintains main policy interest rate 575 per,business
One killed as fire breaks out at Karachi Oil terminal fuel ,business
Fish exports increase 14 per cent four ,business
Wall Street ends at record highs dollar loses ,business
OPEC scrambles agree crucial oil output cu,business
Oil prices dip over scepticism ahead of OPEC meeting,business
Fuel prices up petrol by Rs 2 diesel by Rs 270,business
Paris restaurant best in world but Japanese chefs come out ,business
Asia stocks edge up on US growth data cues dollar steady,business
Pakistan China commence direct rail and sea freight servi,business
Oil eases in Asian trade after OPEC cu,business
OPEC agrees first output cut since 2008,business
Companies leaving US will face consequences Tru,business
OPEC deal could lead to US shale surg,business
Kinnow export to Indonesia doubled this ,business
Oil prices fall as production creeps u,business
Erdogan wants trade with Russia China in local currenci,business
Cab hailing company Careem launches women drivers Paki,business
Trump claims 50 bn SoftBank investment due to his election wi,business
South Koreas Kia to start assembling cars in Paki,business
Asia shares hit one month peak bonds bet on ECB suppor,business
Saudis order oil cuts to US Eur,business
Trump vows to renegotiate trade d,business
Oil prices soar on global producer deal to cut crude outpu,business
Saudi hits new oil output record in Nov amid OPEC cut ,business
Qatar to cut oil production from January 1,business
IP gas pipeline Iran agrees to negotiate amendment in GSPA,business
Pakistan Russia hold consultations on economic cooperation connectivity,business
US dollar holds near 14 year hig,business
India puts fresh curbs on deposits of banned ,business
Foodpandalaunches up to 80 Off on 200 Restaur,business
Asia stocks find relief as China set to return seized US dr,business
Oil prices edge up on expected US crude inventory dr,business
Chinese consortium top bidder for 40 percent stake in Pakistan Stock Exchang,business
Saudi Arabia projects 53 bn deficit in 2017,business
US fines Goldman Sachs 120 mn in rate rigging scand,business
Chinese media advises India to ease tensions with Pak join CPEC,business
Airbus seals deal with Iran for sale of 100 aircraf,business
Saudi Arabia sell 49 Aramco within decad,business
Huge oil gas reserves found in Balochi,business
Finance ministry dispels demonetization rumor,business
Iran offers to provide buses for public transport sy,business
OMD wins Pakistan Media Agency of the Year at the Campaign Asia Pacific Agency of the Year Awards 2016,business
Chinas outward investment tops 161 billion in 2016,business
Santa Rally gifts record close to London ,business
In 2016 CPEC entered into full implementation Chinese state medi,business
Pakistan to secure 1 bn in Chinese financing for road,business
KCR Keti Bandar Dhabeji Economic Zone included in CPEC,business
Sindh CNG owners hike price by up to 35 per litr,business
US acting as global policeman for financial cri,business
NBP Rules out misleading reports of Rs 15 Billion fraud at the b,business
China fund 4000 MW power transmission line Paki,business
China vows open up economy investment decli,business
Oil prices edge up despite unexpected US crude inventory build,business
Pakistan inflation eases 370 pct December,business
Rouhani pledges to reverse slide of Irans currency,business
China begins freight train service to Lond,business
Kazakhstan lifts visa requirements boost tourism inv,business
Iran okays 29 companies oil and gas proj,business
Pakistan outperforms India in stock returns during last 16 year,business
China plans to spend 115 billion on railways in 2017,business
BMW to deploy 40 self driving cars in US Eur,business
ECC approves tax exemption for Orange Line Metro Train Proj,business
Sri Lanka tourism hits record 35 bn 2016,business
Govt to provide support to UK companies interested in investing in CPEC Minister,business
China forex reserves fall by 320 bn in 2016,business
Iran to receive first Airbus plane in day,business
Pakistans once booming textile industry struggles to bounce b,business
McDonald sells China operations 208 b,business
Xi to be first Chinese leader to attend Davos World Economic Foru,business
Sindh Revenue to bring insurances services to tax ,business
World Bank revises Pakistans growth rate upward,business
World food prices fall in 2016 for fifth straight year,business
Pakistans largest ever Trade Expo kicks off in Colomb,business
China posts worst export fall since 2009,business
Black Lady Liberty grace US coi,business
Sartaj Aziz invites businessmen of Oman to invest in Paki,business
Petrol price increased by Rs177 per litr,business
World eight richest wealthy half humanity Oxfam tells Dav,business
Privatization Commission approves leasing out PSM,business
Pakistans economy set to grow further in 2017 repor,business
eBay CEO says Pakistan is among fastest growing e commerce mar,business
Alibaba group eyes Pakistan for e Commer,business
OPEC output inches down after November d,business
PML N govt turned around Pakistans economy in 3 years PM,business
First Silk Road freight train from China arrives in Lond,business
Global stocks gain as Wall Street eyes Trump inaugurati,business
PSX Chinese consortium sign equity share purchase agr,business
Ministers positive on OPEC non OPEC oil output cu,business
Dollar down Trump takes over Asia markets u,business
Pakistan Railways receives seven locomotives for coal transportati,business
Pakistan Stock Exchange crosses 50000 points first time history,business
India signs oil reserves pact UAE,business
Taiwan economy rallies thanks to electronics demand,business
World Bank CEO to discuss Indus Waters Treaty during South Asia visi,business
WTO 1 trillion global trade treaty,business
Iran oil exports rise slightly Feb sour,business
State Bank decides maintains interest rate at 575 per,business
Dollar Asia markets down dealers hit Trump ,business
Govt hikes POL prices second time in a ,business
Trump immigration order causes rift with busi,business
CEO FrieslandCampina Chairman Engro meet PM to develop dairy industry,business
World food prices two year high January,business
More big you are less tax to pay,business
Uber CEO quits Trumps business advisory grou,business
China disappointed US taxes Chinese steel produ,business
Morocco warns EU over trade d,business
Made in China large passenger plane targets 2017 debu,business
Turkey transfers state assets sovereign wealth fund,business
Iran US sanctions stop American oil firms proj,business
Worlds longest flight lands in New Zealand,business
China forex reserves fall below 3 tn threshold,business
Pakistan to be 20th most powerful economy by 2030 PwC,business
Enjoy the first movers advantage Nawaz advises business leader,business
OPEC figures show over 90 pc compliance with supply cu,business
Sales of Ivanka Trump apparel slumped at Nordstrom WSJ repor,business
Ivanka Trump takes center stage at Trudeau meeting,business
Oil pares gains as US supply concerns overshadow OPEC cu,business
Prices of petrol diesel up by one ru,business
Tesco products launched in Paki,business
Trudeau says Canada EU must lead world economy,business
Chinese industrial association mulls sister economic zone in Sind,business
Oil prices slip as high stocks overshadow OPEC cu,business
China to suspend all imports of coal from North Kor,business
Tourism shows signs of recovery in Egy,business
Women named to head Saudi bourse major b,business
11 billion defence contracts third day Abu Dhabi ex,business
Fake Rs 2000 notes dispensed from ATM in Delhi,business
Land Gwadar port Chinese investment CPEC Pakistan Balochi,business
Alphabet accuses Uber of stealing self driving car technology,business
Malaysias Petronas Saudi Aramco 7 billion oil refinery d,business
Petrol prices hiked by Rs171 per litr,business
IMF sanctions Iran dampening economic senti,business
Investment inflows spur Pakistans corporate sukuk mar,business
PM Nawaz proposes establishment of Pakistan Kuwait joint business counci,business
CPEC becomes center point of transit trade rou,business
Kuwait Silk Road massive causeway,business
Russia Turkey create investment fund for up 1 billi,business
Dasu hydroelectric project modernize energy sector Pakistan Chinese Exper,business
Oil prices hit three month low as US rig count climb,business
Trump son in law 4 bn deal Chinese company,business
Saudi says committed to oil market stability,business
CPEC China approves huge infrastructure projects for Xinjiang,business
Beijing becomes Chinas first city with all clean energy power ,business
World Bank announces 57 bln in financing for Afri,business
For Turkish giant Arcelik Pakistan is among focus ar,business
Saudis to tighten curbs on foreign workers in local jobs pu,business
Chinese train manufacturer wins railcar bid in US,business
Laptop ban hits Dubai for 11m weekend traveller,business
Pak China relations not against any third country Shaukat Aziz,business
Uber grounds self driving cars after accid,business
Investment inflows spur Pakistans corporate sukuk mar,business
PM Nawaz proposes establishment of Pakistan Kuwait joint business counci,business
CPEC becomes center point of transit trade rou,business
Kuwait Silk Road massive causeway,business
Russia Turkey create investment fund for up 1 billi,business
Dasu hydroelectric project modernize energy sector Pakistan Chinese Exper,business
Oil prices hit three month low as US rig count climb,business
Trump son in law 4 bn deal Chinese company,business
Saudi says committed to oil market stability,business
CPEC China approves huge infrastructure projects for Xinjiang,business
Beijing becomes Chinas first city with all clean energy power ,business
World Bank announces 57 bln in financing for Afri,business
For Turkish giant Arcelik Pakistan is among focus ar,business
Saudis to tighten curbs on foreign workers in local jobs pu,business
Chinese train manufacturer wins railcar bid in US,business
Laptop ban hits Dubai for 11m weekend traveller,business
Pak China relations not against any third country Shaukat Aziz,business
Uber grounds self driving cars after accid,business
New Development Bank plans joint investments in economies along Belt Road,business
Google powered Startup Weekend energizing proud Pakistan driv,business
